{
  "algorithm": "ford_fulkerson",
  "graph_type": "mesh",
  "results": [
    {
      "graph_file": "15r-15c-1000cap-const.txt",
      "num_vertices": 227,
      "num_edges": 660,
      "max_flow": 15000,
      "num_successful_runs": 10,
      "num_failed_runs": 0,
      "statistics": {
        "min": 0.05362129118293524,
        "max": 0.08495995798148215,
        "mean": 0.06724630398675799,
        "median": 0.06549333338625729,
        "stddev": 0.00998526159420866
      },
      "all_times": [
        0.06079162494279444,
        0.07471108296886086,
        0.061214332934468985,
        0.05362129118293524,
        0.05719641596078873,
        0.061968457885086536,
        0.07080287509597838,
        0.06901820888742805,
        0.07817879202775657,
        0.08495995798148215
      ],
      "errors": null
    },
    {
      "graph_file": "25r-25c-1000cap-const.txt",
      "num_vertices": 627,
      "num_edges": 1850,
      "max_flow": 25000,
      "num_successful_runs": 10,
      "num_failed_runs": 0,
      "statistics": {
        "min": 0.065525374840945,
        "max": 0.10874495911411941,
        "mean": 0.08310616689268499,
        "median": 0.07821952097583562,
        "stddev": 0.014852084891858798
      },
      "all_times": [
        0.07946974993683398,
        0.07105562486685812,
        0.065525374840945,
        0.08618508302606642,
        0.06848683394491673,
        0.10303420899435878,
        0.10874495911411941,
        0.07610162510536611,
        0.09548891708254814,
        0.07696929201483727
      ],
      "errors": null
    },
    {
      "graph_file": "35r-35c-1000cap-const.txt",
      "num_vertices": 1227,
      "num_edges": 3640,
      "max_flow": 35000,
      "num_successful_runs": 10,
      "num_failed_runs": 0,
      "statistics": {
        "min": 0.06904895789921284,
        "max": 0.12155895889736712,
        "mean": 0.0932832165621221,
        "median": 0.08883120806422085,
        "stddev": 0.01762014010616752
      },
      "all_times": [
        0.06904895789921284,
        0.09445745800621808,
        0.08894441602751613,
        0.08726187492720783,
        0.12155895889736712,
        0.12085024989210069,
        0.08871800010092556,
        0.10351537493988872,
        0.08519474999047816,
        0.07328212494030595
      ],
      "errors": null
    },
    {
      "graph_file": "45r-45c-1000cap-const.txt",
      "num_vertices": 2027,
      "num_edges": 6030,
      "max_flow": 45000,
      "num_successful_runs": 10,
      "num_failed_runs": 0,
      "statistics": {
        "min": 0.08344945800490677,
        "max": 0.14406366692855954,
        "mean": 0.11051754159852863,
        "median": 0.10474356252234429,
        "stddev": 0.02036060120427021
      },
      "all_times": [
        0.08344945800490677,
        0.09910104214213789,
        0.10581350000575185,
        0.10051033296622336,
        0.14406366692855954,
        0.10367362503893673,
        0.12822041590698063,
        0.13724650000222027,
        0.08767766715027392,
        0.11541920783929527
      ],
      "errors": null
    },
    {
      "graph_file": "55r-55c-1000cap-const.txt",
      "num_vertices": 3027,
      "num_edges": 9020,
      "max_flow": 55000,
      "num_successful_runs": 10,
      "num_failed_runs": 0,
      "statistics": {
        "min": 0.09806908294558525,
        "max": 0.2176550419535488,
        "mean": 0.14449674997013062,
        "median": 0.1380798544269055,
        "stddev": 0.04064866613094348
      },
      "all_times": [
        0.1296407920308411,
        0.1465189168229699,
        0.2176550419535488,
        0.18560862494632602,
        0.18754641595296562,
        0.14877004199661314,
        0.1058807501103729,
        0.11791216698475182,
        0.10736566595733166,
        0.09806908294558525
      ],
      "errors": null
    },
    {
      "graph_file": "65r-65c-1000cap-const.txt",
      "num_vertices": 4227,
      "num_edges": 12610,
      "max_flow": 65000,
      "num_successful_runs": 10,
      "num_failed_runs": 0,
      "statistics": {
        "min": 0.11703045899048448,
        "max": 0.2921554578933865,
        "mean": 0.17396937927696854,
        "median": 0.1639268749859184,
        "stddev": 0.05622798347557579
      },
      "all_times": [
        0.19031787500716746,
        0.2921554578933865,
        0.23567745904438198,
        0.19399304082617164,
        0.16987724998034537,
        0.15797649999149144,
        0.1322097920347005,
        0.12481029215268791,
        0.11703045899048448,
        0.12564566684886813
      ],
      "errors": null
    }
  ]
}