{
  "algorithm": "scaling_ford_fulkerson",
  "graph_type": "random",
  "results": [
    {
      "graph_file": "100v-30d-1min-1000max.txt",
      "num_vertices": 101,
      "num_edges": 2955,
      "max_flow": 12790,
      "num_successful_runs": 2,
      "num_failed_runs": 0,
      "statistics": {
        "min": 0.050931625068187714,
        "max": 0.05514487507753074,
        "mean": 0.05303825007285923,
        "median": 0.05303825007285923,
        "stddev": 0.00297921765244074
      },
      "all_times": [
        0.05514487507753074,
        0.050931625068187714
      ],
      "errors": null
    },
    {
      "graph_file": "200v-30d-1min-1000max.txt",
      "num_vertices": 201,
      "num_edges": 11938,
      "max_flow": 22658,
      "num_successful_runs": 2,
      "num_failed_runs": 0,
      "statistics": {
        "min": 0.0497337500564754,
        "max": 0.061619500163942575,
        "mean": 0.05567662511020899,
        "median": 0.05567662511020899,
        "stddev": 0.008404494500478775
      },
      "all_times": [
        0.061619500163942575,
        0.0497337500564754
      ],
      "errors": null
    }
  ]
}