{
  "algorithm": "preflow_push",
  "graph_type": "bipartite",
  "results": [
    {
      "graph_file": "100s-100t-8p-1min-1000max.txt",
      "num_vertices": 202,
      "num_edges": 8201,
      "max_flow": 48688,
      "num_successful_runs": 10,
      "num_failed_runs": 0,
      "statistics": {
        "min": 1.3378505418077111,
        "max": 2.39254237501882,
        "mean": 1.811445987573825,
        "median": 1.6755871665664017,
        "stddev": 0.40230513802174384
      },
      "all_times": [
        2.3639614582061768,
        2.39254237501882,
        2.2920762090943754,
        1.895636749919504,
        1.6945869580376893,
        1.6565873750951141,
        1.555608833907172,
        1.5134057498071343,
        1.412203624844551,
        1.3378505418077111
      ],
      "errors": null
    },
    {
      "graph_file": "125s-125t-8p-1min-1000max.txt",
      "num_vertices": 252,
      "num_edges": 12744,
      "max_flow": 62788,
      "num_successful_runs": 10,
      "num_failed_runs": 0,
      "statistics": {
        "min": 0.1250403339508921,
        "max": 0.23625579220242798,
        "mean": 0.15625560032203795,
        "median": 0.14821243798360229,
        "stddev": 0.03361904354120826
      },
      "all_times": [
        0.1559640420600772,
        0.23625579220242798,
        0.14046083390712738,
        0.18547483393922448,
        0.13060004194267094,
        0.16380737512372434,
        0.15612429101020098,
        0.1250403339508921,
        0.13795462506823242,
        0.13087383401580155
      ],
      "errors": null
    },
    {
      "graph_file": "150s-150t-8p-1min-1000max.txt",
      "num_vertices": 302,
      "num_edges": 18357,
      "max_flow": 72970,
      "num_successful_runs": 10,
      "num_failed_runs": 0,
      "statistics": {
        "min": 0.1240066250320524,
        "max": 0.29596137488260865,
        "mean": 0.19117647514212877,
        "median": 0.19817460456397384,
        "stddev": 0.049730162751656884
      },
      "all_times": [
        0.2111934160348028,
        0.29596137488260865,
        0.21159379207529128,
        0.18669787514954805,
        0.20965133397839963,
        0.1711199590936303,
        0.21519016614183784,
        0.1240066250320524,
        0.14329845900647342,
        0.14305175002664328
      ],
      "errors": null
    },
    {
      "graph_file": "30s-30t-8p-1min-1000max.txt",
      "num_vertices": 62,
      "num_edges": 762,
      "max_flow": 14585,
      "num_successful_runs": 10,
      "num_failed_runs": 0,
      "statistics": {
        "min": 0.0942133329808712,
        "max": 0.1955365410540253,
        "mean": 0.13476291652768851,
        "median": 0.1317298124777153,
        "stddev": 0.03000424319196233
      },
      "all_times": [
        0.15537183289416134,
        0.1955365410540253,
        0.112475625006482,
        0.13771158293820918,
        0.0942133329808712,
        0.15684883296489716,
        0.14716833317652345,
        0.11332279210910201,
        0.10923225013539195,
        0.12574804201722145
      ],
      "errors": null
    },
    {
      "graph_file": "50s-50t-8p-1min-1000max.txt",
      "num_vertices": 102,
      "num_edges": 2116,
      "max_flow": 24113,
      "num_successful_runs": 10,
      "num_failed_runs": 0,
      "statistics": {
        "min": 0.05708737508393824,
        "max": 0.15053479210473597,
        "mean": 0.0878520002355799,
        "median": 0.0816542295506224,
        "stddev": 0.027654372679911377
      },
      "all_times": [
        0.09020791691727936,
        0.09032549988478422,
        0.15053479210473597,
        0.06861954205669463,
        0.06729329214431345,
        0.11344316694885492,
        0.07170312502421439,
        0.05708737508393824,
        0.07310054218396544,
        0.09620475000701845
      ],
      "errors": null
    },
    {
      "graph_file": "75s-75t-8p-1min-1000max.txt",
      "num_vertices": 152,
      "num_edges": 4694,
      "max_flow": 35323,
      "num_successful_runs": 10,
      "num_failed_runs": 0,
      "statistics": {
        "min": 0.7713362497743219,
        "max": 1.4220519580412656,
        "mean": 1.0187961790710687,
        "median": 0.9678581251064315,
        "stddev": 0.21279767110209627
      },
      "all_times": [
        1.4220519580412656,
        0.9654648751020432,
        1.0589125419501215,
        0.9869020830374211,
        1.3605502089485526,
        0.9702513751108199,
        0.934114582836628,
        0.7713362497743219,
        0.837384165963158,
        0.8809937499463558
      ],
      "errors": null
    }
  ]
}