{
  "algorithm": "scaling_ford_fulkerson",
  "graph_type": "fixeddegree",
  "results": [
    {
      "graph_file": "1000v-30out-1min-1000max.txt",
      "num_vertices": 1002,
      "num_edges": 30060,
      "max_flow": 16189,
      "num_successful_runs": 10,
      "num_failed_runs": 0,
      "statistics": {
        "min": 0.09672337491065264,
        "max": 0.2206465839408338,
        "mean": 0.13858083332888782,
        "median": 0.1294974166667089,
        "stddev": 0.034171223572104455
      },
      "all_times": [
        0.2206465839408338,
        0.16891508316621184,
        0.12824008287861943,
        0.12979112518951297,
        0.13933387491852045,
        0.1292037081439048,
        0.1322153341025114,
        0.09672337491065264,
        0.12829250004142523,
        0.11244666599668562
      ],
      "errors": null
    },
    {
      "graph_file": "100v-30out-1min-1000max.txt",
      "num_vertices": 102,
      "num_edges": 3060,
      "max_flow": 13370,
      "num_successful_runs": 10,
      "num_failed_runs": 0,
      "statistics": {
        "min": 0.04687199997715652,
        "max": 0.1692568340804428,
        "mean": 0.08129053344018758,
        "median": 0.07263700000476092,
        "stddev": 0.03370377324139177
      },
      "all_times": [
        0.1692568340804428,
        0.08259420888498425,
        0.06952391588129103,
        0.07145712501369417,
        0.05795912514440715,
        0.09258379111997783,
        0.07381687499582767,
        0.0854163751937449,
        0.06342508411034942,
        0.04687199997715652
      ],
      "errors": null
    },
    {
      "graph_file": "1500v-30out-1min-1000max.txt",
      "num_vertices": 1502,
      "num_edges": 45060,
      "max_flow": 14829,
      "num_successful_runs": 10,
      "num_failed_runs": 0,
      "statistics": {
        "min": 0.11169004207476974,
        "max": 0.27334758383221924,
        "mean": 0.16585480847861617,
        "median": 0.15565312490798533,
        "stddev": 0.043842303613993196
      },
      "all_times": [
        0.27334758383221924,
        0.1568012919742614,
        0.1760873340535909,
        0.14915658300742507,
        0.142514165956527,
        0.18951150006614625,
        0.11169004207476974,
        0.15450495784170926,
        0.13305579195730388,
        0.17187883402220905
      ],
      "errors": null
    },
    {
      "graph_file": "2000v-30out-1min-1000max.txt",
      "num_vertices": 2002,
      "num_edges": 60060,
      "max_flow": 13977,
      "num_successful_runs": 10,
      "num_failed_runs": 0,
      "statistics": {
        "min": 0.21835016715340316,
        "max": 0.40243458398617804,
        "mean": 0.29668648343067616,
        "median": 0.2903044585837051,
        "stddev": 0.05681178917431539
      },
      "all_times": [
        0.351570124970749,
        0.40243458398617804,
        0.3488785419613123,
        0.24250983307138085,
        0.2491298341192305,
        0.27151879109442234,
        0.29551625018939376,
        0.21835016715340316,
        0.30186404078267515,
        0.2850926669780165
      ],
      "errors": null
    },
    {
      "graph_file": "2500v-30out-1min-1000max.txt",
      "num_vertices": 2502,
      "num_edges": 75060,
      "max_flow": 13994,
      "num_successful_runs": 10,
      "num_failed_runs": 0,
      "statistics": {
        "min": 0.30252799997106194,
        "max": 0.4226069578435272,
        "mean": 0.35190827907063066,
        "median": 0.3462107499362901,
        "stddev": 0.03501716700364841
      },
      "all_times": [
        0.4226069578435272,
        0.3573726669419557,
        0.37009137496352196,
        0.3350488329306245,
        0.3236432080157101,
        0.363077542046085,
        0.30252799997106194,
        0.33261729194782674,
        0.3845465830527246,
        0.32755033299326897
      ],
      "errors": null
    },
    {
      "graph_file": "250v-30out-1min-1000max.txt",
      "num_vertices": 252,
      "num_edges": 7560,
      "max_flow": 13107,
      "num_successful_runs": 10,
      "num_failed_runs": 0,
      "statistics": {
        "min": 0.05527045810595155,
        "max": 0.10758724994957447,
        "mean": 0.07188156661577523,
        "median": 0.06487920845393091,
        "stddev": 0.01864831498775671
      },
      "all_times": [
        0.06352083291858435,
        0.0577865419909358,
        0.06328195799142122,
        0.07015954214148223,
        0.06623758398927748,
        0.05527045810595155,
        0.06874695816077292,
        0.06143758282996714,
        0.10758724994957447,
        0.10478695807978511
      ],
      "errors": null
    },
    {
      "graph_file": "3000v-30out-1min-1000max.txt",
      "num_vertices": 3002,
      "num_edges": 90060,
      "max_flow": 14613,
      "num_successful_runs": 10,
      "num_failed_runs": 0,
      "statistics": {
        "min": 0.3783163330517709,
        "max": 0.6526539160404354,
        "mean": 0.4488549249479547,
        "median": 0.4322830205783248,
        "stddev": 0.07819042448970001
      },
      "all_times": [
        0.45379354199394584,
        0.420524625107646,
        0.4440414160490036,
        0.45899162511341274,
        0.3886263750027865,
        0.47420166712254286,
        0.414455333026126,
        0.4029444169718772,
        0.3783163330517709,
        0.6526539160404354
      ],
      "errors": null
    },
    {
      "graph_file": "500v-30out-1min-1000max.txt",
      "num_vertices": 502,
      "num_edges": 15060,
      "max_flow": 15046,
      "num_successful_runs": 10,
      "num_failed_runs": 0,
      "statistics": {
        "min": 0.08523395890370011,
        "max": 0.13351629092358053,
        "mean": 0.1079048665240407,
        "median": 0.10658531240187585,
        "stddev": 0.014795598967472122
      },
      "all_times": [
        0.08523395890370011,
        0.0926937498152256,
        0.11508470796979964,
        0.09726320789195597,
        0.13351629092358053,
        0.10247937496751547,
        0.10141124995425344,
        0.11069124983623624,
        0.11754504195414484,
        0.12312983302399516
      ],
      "errors": null
    }
  ]
}