{
  "algorithm": "preflow_push",
  "graph_type": "fixeddegree",
  "results": [
    {
      "graph_file": "100v-30out-1min-1000max.txt",
      "num_vertices": 102,
      "num_edges": 3060,
      "max_flow": 11893,
      "num_successful_runs": 2,
      "num_failed_runs": 0,
      "statistics": {
        "min": 0.049063875107094646,
        "max": 0.051635666051879525,
        "mean": 0.050349770579487085,
        "median": 0.050349770579487085,
        "stddev": 0.0018185308168515463
      },
      "all_times": [
        0.051635666051879525,
        0.049063875107094646
      ],
      "errors": null
    },
    {
      "graph_file": "250v-30out-1min-1000max.txt",
      "num_vertices": 252,
      "num_edges": 7560,
      "max_flow": 14738,
      "num_successful_runs": 2,
      "num_failed_runs": 0,
      "statistics": {
        "min": 1.2772195839788765,
        "max": 1.4242739579640329,
        "mean": 1.3507467709714547,
        "median": 1.3507467709714547,
        "stddev": 0.10398314504804672
      },
      "all_times": [
        1.4242739579640329,
        1.2772195839788765
      ],
      "errors": null
    }
  ]
}