{
  "algorithm": "preflow_push",
  "graph_type": "fixeddegree",
  "results": [
    {
      "graph_file": "100v-30out-1min-1000max.txt",
      "num_vertices": 102,
      "num_edges": 3060,
      "max_flow": 11893,
      "num_successful_runs": 1,
      "num_failed_runs": 0,
      "statistics": {
        "min": 0.05698370886966586,
        "max": 0.05698370886966586,
        "mean": 0.05698370886966586,
        "median": 0.05698370886966586,
        "stddev": 0.0
      },
      "all_times": [
        0.05698370886966586
      ],
      "errors": null
    },
    {
      "graph_file": "250v-30out-1min-1000max.txt",
      "num_vertices": 252,
      "num_edges": 7560,
      "max_flow": 14738,
      "num_successful_runs": 1,
      "num_failed_runs": 0,
      "statistics": {
        "min": 1.384814083110541,
        "max": 1.384814083110541,
        "mean": 1.384814083110541,
        "median": 1.384814083110541,
        "stddev": 0.0
      },
      "all_times": [
        1.384814083110541
      ],
      "errors": null
    }
  ]
}