{
  "algorithm": "ford_fulkerson",
  "graph_type": "fixeddegree",
  "results": [
    {
      "graph_file": "1000v-30out-1min-10max.txt",
      "num_vertices": 1002,
      "num_edges": 30060,
      "max_flow": 147,
      "num_successful_runs": 10,
      "num_failed_runs": 0,
      "statistics": {
        "min": 0.1139002910349518,
        "max": 0.19188633398152888,
        "mean": 0.13729299162514508,
        "median": 0.13008520856965333,
        "stddev": 0.0221034539898004
      },
      "all_times": [
        0.19188633398152888,
        0.1564699998125434,
        0.13132237503305078,
        0.1139002910349518,
        0.1288480421062559,
        0.1278156249318272,
        0.13644691603258252,
        0.12222187500447035,
        0.13526333309710026,
        0.12875512521713972
      ],
      "errors": null
    },
    {
      "graph_file": "100v-30out-1min-10max.txt",
      "num_vertices": 102,
      "num_edges": 3060,
      "max_flow": 170,
      "num_successful_runs": 10,
      "num_failed_runs": 0,
      "statistics": {
        "min": 0.05283991596661508,
        "max": 0.1270011248998344,
        "mean": 0.07456574584357441,
        "median": 0.06881352083291858,
        "stddev": 0.022121171821130516
      },
      "all_times": [
        0.1270011248998344,
        0.09164200001396239,
        0.07780137495137751,
        0.05283991596661508,
        0.08131212485022843,
        0.05710666696541011,
        0.06413429183885455,
        0.061810542130842805,
        0.07349274982698262,
        0.05851666699163616
      ],
      "errors": null
    },
    {
      "graph_file": "1500v-30out-1min-10max.txt",
      "num_vertices": 1502,
      "num_edges": 45060,
      "max_flow": 151,
      "num_successful_runs": 10,
      "num_failed_runs": 0,
      "statistics": {
        "min": 0.14894537487998605,
        "max": 0.21425449987873435,
        "mean": 0.1721088455291465,
        "median": 0.17014764598570764,
        "stddev": 0.01761880802907063
      },
      "all_times": [
        0.21425449987873435,
        0.17779666581191123,
        0.16595891606993973,
        0.16656212485395372,
        0.17012004181742668,
        0.1770297500770539,
        0.1701752501539886,
        0.14894537487998605,
        0.1763154158834368,
        0.15393041586503386
      ],
      "errors": null
    },
    {
      "graph_file": "2000v-30out-1min-10max.txt",
      "num_vertices": 2002,
      "num_edges": 60060,
      "max_flow": 169,
      "num_successful_runs": 10,
      "num_failed_runs": 0,
      "statistics": {
        "min": 0.1708939999807626,
        "max": 0.23047929117456079,
        "mean": 0.20090740830637516,
        "median": 0.19952731241937727,
        "stddev": 0.018657749440010623
      },
      "all_times": [
        0.1708939999807626,
        0.23047929117456079,
        0.2266321659553796,
        0.18173145898617804,
        0.18870470812544227,
        0.21324308379553258,
        0.20057099987752736,
        0.20191558310762048,
        0.19641916709952056,
        0.19848362496122718
      ],
      "errors": null
    },
    {
      "graph_file": "2500v-30out-1min-10max.txt",
      "num_vertices": 2502,
      "num_edges": 75060,
      "max_flow": 157,
      "num_successful_runs": 10,
      "num_failed_runs": 0,
      "statistics": {
        "min": 0.2769955841358751,
        "max": 0.33502016705460846,
        "mean": 0.30948381694033744,
        "median": 0.3093407709384337,
        "stddev": 0.016804931235130462
      },
      "all_times": [
        0.2975698341615498,
        0.32380037498660386,
        0.33502016705460846,
        0.2988132501486689,
        0.32628354197368026,
        0.3112460838165134,
        0.2769955841358751,
        0.3023978329729289,
        0.307435458060354,
        0.3152760420925915
      ],
      "errors": null
    },
    {
      "graph_file": "250v-30out-1min-10max.txt",
      "num_vertices": 252,
      "num_edges": 7560,
      "max_flow": 146,
      "num_successful_runs": 10,
      "num_failed_runs": 0,
      "statistics": {
        "min": 0.06944187497720122,
        "max": 0.10472329193726182,
        "mean": 0.08051135421264917,
        "median": 0.07824079156853259,
        "stddev": 0.009295811804227722
      },
      "all_times": [
        0.06944187497720122,
        0.07556754210963845,
        0.07752908300608397,
        0.07735766703262925,
        0.08108912501484156,
        0.08018170902505517,
        0.0767796658910811,
        0.0789525001309812,
        0.10472329193726182,
        0.08349108300171793
      ],
      "errors": null
    },
    {
      "graph_file": "3000v-30out-1min-10max.txt",
      "num_vertices": 3002,
      "num_edges": 90060,
      "max_flow": 175,
      "num_successful_runs": 10,
      "num_failed_runs": 0,
      "statistics": {
        "min": 0.35703812493011355,
        "max": 0.4934812500141561,
        "mean": 0.398434437555261,
        "median": 0.38659250049386173,
        "stddev": 0.0405297605947026
      },
      "all_times": [
        0.3819332078564912,
        0.38774629193358123,
        0.3774925419129431,
        0.36002320796251297,
        0.38543870905414224,
        0.35703812493011355,
        0.4369876249693334,
        0.4072860418818891,
        0.3969173750374466,
        0.4934812500141561
      ],
      "errors": null
    },
    {
      "graph_file": "500v-30out-1min-10max.txt",
      "num_vertices": 502,
      "num_edges": 15060,
      "max_flow": 196,
      "num_successful_runs": 10,
      "num_failed_runs": 0,
      "statistics": {
        "min": 0.0903197091538459,
        "max": 0.11760533391498029,
        "mean": 0.10584967087488621,
        "median": 0.1051339169498533,
        "stddev": 0.00809885478488598
      },
      "all_times": [
        0.11760533391498029,
        0.10650345892645419,
        0.10210374998860061,
        0.11257579107768834,
        0.09878041688352823,
        0.10838695801794529,
        0.10376437497325242,
        0.1150445828679949,
        0.10341233294457197,
        0.0903197091538459
      ],
      "errors": null
    }
  ]
}