{
  "algorithm": "preflow_push",
  "graph_type": "fixeddegree",
  "results": [
    {
      "graph_file": "1000v-30out-1min-10max.txt",
      "num_vertices": 1002,
      "num_edges": 30060,
      "max_flow": 147,
      "num_successful_runs": 10,
      "num_failed_runs": 0,
      "statistics": {
        "min": 38.347664583008736,
        "max": 42.5521655830089,
        "mean": 40.748689162405206,
        "median": 40.49515716696624,
        "stddev": 1.3342433865173815
      },
      "all_times": [
        39.892354417126626,
        42.14005254092626,
        42.5521655830089,
        40.11540504102595,
        38.347664583008736,
        39.825116333086044,
        42.383723499951884,
        40.6326189590618,
        41.2400952919852,
        40.35769537487067
      ],
      "errors": null
    },
    {
      "graph_file": "100v-30out-1min-10max.txt",
      "num_vertices": 102,
      "num_edges": 3060,
      "max_flow": 170,
      "num_successful_runs": 10,
      "num_failed_runs": 0,
      "statistics": {
        "min": 0.056350708939135075,
        "max": 0.10092558385804296,
        "mean": 0.0743507086765021,
        "median": 0.0703171044588089,
        "stddev": 0.01408446549368847
      },
      "all_times": [
        0.08724691695533693,
        0.07286683400161564,
        0.07147450000047684,
        0.056350708939135075,
        0.06915970891714096,
        0.06801012507639825,
        0.06341995904222131,
        0.06328974990174174,
        0.10092558385804296,
        0.09076300007291138
      ],
      "errors": null
    },
    {
      "graph_file": "1500v-30out-1min-10max.txt",
      "num_vertices": 1502,
      "num_edges": 45060,
      "max_flow": 151,
      "num_successful_runs": 10,
      "num_failed_runs": 0,
      "statistics": {
        "min": 77.34591199993156,
        "max": 96.05079929181375,
        "mean": 86.23971588755958,
        "median": 84.04905229143333,
        "stddev": 7.845995212274163
      },
      "all_times": [
        94.40216470812447,
        95.57870587497018,
        93.383400416933,
        96.05079929181375,
        84.7175391248893,
        83.38056545797735,
        82.20484437490813,
        77.34591199993156,
        77.53056320897304,
        77.802664417075
      ],
      "errors": null
    },
    {
      "graph_file": "2000v-30out-1min-10max.txt",
      "num_vertices": 2002,
      "num_edges": 60060,
      "max_flow": 169,
      "num_successful_runs": 10,
      "num_failed_runs": 0,
      "statistics": {
        "min": 0.25501583283767104,
        "max": 0.3342995001003146,
        "mean": 0.27745286650024353,
        "median": 0.2718734371010214,
        "stddev": 0.02454522864407079
      },
      "all_times": [
        0.28119675000198185,
        0.25769866607151926,
        0.29412412480451167,
        0.25501583283767104,
        0.27825345820747316,
        0.3342995001003146,
        0.2625408750027418,
        0.26549341599456966,
        0.290252499980852,
        0.25565354200080037
      ],
      "errors": null
    },
    {
      "graph_file": "2500v-30out-1min-10max.txt",
      "num_vertices": 2502,
      "num_edges": 75060,
      "max_flow": 157,
      "num_successful_runs": 10,
      "num_failed_runs": 0,
      "statistics": {
        "min": 177.7878436250612,
        "max": 273.7333009170834,
        "mean": 210.71146187910344,
        "median": 201.89312820800114,
        "stddev": 34.17429896913907
      },
      "all_times": [
        273.7333009170834,
        257.80220958404243,
        231.77601208304986,
        217.2749529168941,
        206.54224316589534,
        197.24401325010695,
        183.63941787485965,
        177.7878436250612,
        178.13338170805946,
        183.18124366598204
      ],
      "errors": null
    },
    {
      "graph_file": "250v-30out-1min-10max.txt",
      "num_vertices": 252,
      "num_edges": 7560,
      "max_flow": 146,
      "num_successful_runs": 10,
      "num_failed_runs": 0,
      "statistics": {
        "min": 0.06682695890776813,
        "max": 0.11043104203417897,
        "mean": 0.08585657114163041,
        "median": 0.0848901461577043,
        "stddev": 0.011527850009215626
      },
      "all_times": [
        0.09309329208917916,
        0.08095237496308982,
        0.08628841699101031,
        0.11043104203417897,
        0.08445445913821459,
        0.09301825007423759,
        0.085325833177194,
        0.07706187502481043,
        0.06682695890776813,
        0.08111320901662111
      ],
      "errors": null
    },
    {
      "graph_file": "3000v-30out-1min-10max.txt",
      "num_vertices": 3002,
      "num_edges": 90060,
      "max_flow": 175,
      "num_successful_runs": 10,
      "num_failed_runs": 0,
      "statistics": {
        "min": 238.14633050002158,
        "max": 384.03928954107687,
        "mean": 278.25682003758845,
        "median": 256.24989056237973,
        "stddev": 47.90704743118237
      },
      "all_times": [
        384.03928954107687,
        330.35845745913684,
        301.95141358394176,
        283.4635799168609,
        262.0096213328652,
        245.12648183316924,
        250.49015979189426,
        244.9087094590068,
        242.07415695791133,
        238.14633050002158
      ],
      "errors": null
    },
    {
      "graph_file": "500v-30out-1min-10max.txt",
      "num_vertices": 502,
      "num_edges": 15060,
      "max_flow": 196,
      "num_successful_runs": 10,
      "num_failed_runs": 0,
      "statistics": {
        "min": 9.375619333004579,
        "max": 11.217442916939035,
        "mean": 9.97146842489019,
        "median": 9.762131249997765,
        "stddev": 0.5705910265552885
      },
      "all_times": [
        9.530781290959567,
        9.375619333004579,
        9.767695457907394,
        9.756567042088136,
        9.493327541975304,
        9.622137625003234,
        10.46054624998942,
        11.217442916939035,
        10.223258208017796,
        10.267308583017439
      ],
      "errors": null
    }
  ]
}