graph_file,num_vertices,num_edges,max_flow,successful_runs,failed_runs,min_time,max_time,mean_time,median_time,stddev_time
1000v-30out-1min-10max.txt,1002,30060,147,10,0,38.347664583008736,42.5521655830089,40.748689162405206,40.49515716696624,1.3342433865173815
100v-30out-1min-10max.txt,102,3060,170,10,0,0.056350708939135075,0.10092558385804296,0.0743507086765021,0.0703171044588089,0.01408446549368847
1500v-30out-1min-10max.txt,1502,45060,151,10,0,77.34591199993156,96.05079929181375,86.23971588755958,84.04905229143333,7.845995212274163
2000v-30out-1min-10max.txt,2002,60060,169,10,0,0.25501583283767104,0.3342995001003146,0.27745286650024353,0.2718734371010214,0.02454522864407079
2500v-30out-1min-10max.txt,2502,75060,157,10,0,177.7878436250612,273.7333009170834,210.71146187910344,201.89312820800114,34.17429896913907
250v-30out-1min-10max.txt,252,7560,146,10,0,0.06682695890776813,0.11043104203417897,0.08585657114163041,0.0848901461577043,0.011527850009215626
3000v-30out-1min-10max.txt,3002,90060,175,10,0,238.14633050002158,384.03928954107687,278.25682003758845,256.24989056237973,47.90704743118237
500v-30out-1min-10max.txt,502,15060,196,10,0,9.375619333004579,11.217442916939035,9.97146842489019,9.762131249997765,0.5705910265552885
