{
  "algorithm": "ford_fulkerson",
  "graph_type": "mesh",
  "results": [
    {
      "graph_file": "100r-100c-1000cap-const.txt",
      "num_vertices": 10002,
      "num_edges": 29900,
      "max_flow": 100000,
      "num_successful_runs": 10,
      "num_failed_runs": 0,
      "statistics": {
        "min": 0.5587997499387711,
        "max": 1.2141825419384986,
        "mean": 0.7462831874843687,
        "median": 0.6979249794967473,
        "stddev": 0.1943365479355359
      },
      "all_times": [
        0.6745791670400649,
        0.8067590419668704,
        0.7044438340235502,
        0.6914061249699444,
        0.8957675830461085,
        0.7391214999370277,
        0.6014372908975929,
        1.2141825419384986,
        0.5763350410852581,
        0.5587997499387711
      ],
      "errors": null
    },
    {
      "graph_file": "125r-125c-1000cap-const.txt",
      "num_vertices": 15627,
      "num_edges": 46750,
      "max_flow": 125000,
      "num_successful_runs": 10,
      "num_failed_runs": 0,
      "statistics": {
        "min": 1.2140410409774631,
        "max": 1.7479057079181075,
        "mean": 1.4140596583019942,
        "median": 1.3371680419659242,
        "stddev": 0.1778611015508666
      },
      "all_times": [
        1.3379019589629024,
        1.7479057079181075,
        1.5153752081096172,
        1.6759182498790324,
        1.336434124968946,
        1.2999107078649104,
        1.2140410409774631,
        1.2678791671060026,
        1.4213800830766559,
        1.3238503341563046
      ],
      "errors": null
    },
    {
      "graph_file": "150r-150c-1000cap-const.txt",
      "num_vertices": 22502,
      "num_edges": 67350,
      "max_flow": 150000,
      "num_successful_runs": 10,
      "num_failed_runs": 0,
      "statistics": {
        "min": 2.2750664171762764,
        "max": 2.949567458126694,
        "mean": 2.5446208041859792,
        "median": 2.468007457908243,
        "stddev": 0.23205583919323716
      },
      "all_times": [
        2.8858153328765184,
        2.949567458126694,
        2.582172874826938,
        2.400690709007904,
        2.4168006249237806,
        2.5192142908927053,
        2.6958877919241786,
        2.390489917015657,
        2.3305026250891387,
        2.2750664171762764
      ],
      "errors": null
    },
    {
      "graph_file": "200r-200c-1000cap-const.txt",
      "num_vertices": 40002,
      "num_edges": 119800,
      "max_flow": 200000,
      "num_successful_runs": 10,
      "num_failed_runs": 0,
      "statistics": {
        "min": 3.3281648331321776,
        "max": 7.822454208973795,
        "mean": 5.2195528666256,
        "median": 4.940706791472621,
        "stddev": 1.5653159912327201
      },
      "all_times": [
        7.822454208973795,
        6.494762958027422,
        6.858485874952748,
        6.138658958021551,
        5.674266166053712,
        4.20714741689153,
        3.843895292142406,
        3.848409458063543,
        3.979283499997109,
        3.3281648331321776
      ],
      "errors": null
    },
    {
      "graph_file": "20r-20c-1000cap-const.txt",
      "num_vertices": 402,
      "num_edges": 1180,
      "max_flow": 20000,
      "num_successful_runs": 10,
      "num_failed_runs": 0,
      "statistics": {
        "min": 0.05620362516492605,
        "max": 0.15235841600224376,
        "mean": 0.09535839590243995,
        "median": 0.09715585457161069,
        "stddev": 0.03357050087330335
      },
      "all_times": [
        0.15235841600224376,
        0.09338945895433426,
        0.10092225018888712,
        0.10394341684877872,
        0.05620362516492605,
        0.14174108393490314,
        0.08481699996627867,
        0.10545566608197987,
        0.0562590837944299,
        0.05849395808763802
      ],
      "errors": null
    },
    {
      "graph_file": "40r-40c-1000cap-const.txt",
      "num_vertices": 1602,
      "num_edges": 4760,
      "max_flow": 40000,
      "num_successful_runs": 10,
      "num_failed_runs": 0,
      "statistics": {
        "min": 0.07597562507726252,
        "max": 0.19549929210916162,
        "mean": 0.1254985749023035,
        "median": 0.11965852044522762,
        "stddev": 0.03456704525311726
      },
      "all_times": [
        0.19549929210916162,
        0.13220779201947153,
        0.16623279079794884,
        0.13273229217156768,
        0.10571866598911583,
        0.07597562507726252,
        0.11279133288189769,
        0.12652570800855756,
        0.11190612497739494,
        0.09539612499065697
      ],
      "errors": null
    },
    {
      "graph_file": "60r-60c-1000cap-const.txt",
      "num_vertices": 3602,
      "num_edges": 10740,
      "max_flow": 60000,
      "num_successful_runs": 10,
      "num_failed_runs": 0,
      "statistics": {
        "min": 0.15064029092900455,
        "max": 0.29900737502612174,
        "mean": 0.19551749173551797,
        "median": 0.1914400834357366,
        "stddev": 0.04275718546523498
      },
      "all_times": [
        0.18685816694051027,
        0.29900737502612174,
        0.18595883389934897,
        0.19845558400265872,
        0.21580574987456203,
        0.20793620799668133,
        0.1518193338997662,
        0.19602199993096292,
        0.15064029092900455,
        0.16267137485556304
      ],
      "errors": null
    },
    {
      "graph_file": "80r-80c-1000cap-const.txt",
      "num_vertices": 6402,
      "num_edges": 19120,
      "max_flow": 80000,
      "num_successful_runs": 10,
      "num_failed_runs": 0,
      "statistics": {
        "min": 0.30481158290058374,
        "max": 0.5619658331852406,
        "mean": 0.3650743500329554,
        "median": 0.3379660416394472,
        "stddev": 0.07696795938062767
      },
      "all_times": [
        0.4210490419063717,
        0.3383197921793908,
        0.5619658331852406,
        0.3748610420152545,
        0.30481158290058374,
        0.3135242920834571,
        0.33761229109950364,
        0.3497287919744849,
        0.3209794999565929,
        0.3278913330286741
      ],
      "errors": null
    }
  ]
}