{
  "algorithm": "scaling_ford_fulkerson",
  "graph_type": "random",
  "results": [
    {
      "graph_file": "100v-30d-1min-1000max.txt",
      "num_vertices": 101,
      "num_edges": 2955,
      "max_flow": 12790,
      "num_successful_runs": 1,
      "num_failed_runs": 0,
      "statistics": {
        "min": 0.050954584032297134,
        "max": 0.050954584032297134,
        "mean": 0.050954584032297134,
        "median": 0.050954584032297134,
        "stddev": 0.0
      },
      "all_times": [
        0.050954584032297134
      ],
      "errors": null
    },
    {
      "graph_file": "200v-30d-1min-1000max.txt",
      "num_vertices": 201,
      "num_edges": 11938,
      "max_flow": 22658,
      "num_successful_runs": 1,
      "num_failed_runs": 0,
      "statistics": {
        "min": 0.053362707840278745,
        "max": 0.053362707840278745,
        "mean": 0.053362707840278745,
        "median": 0.053362707840278745,
        "stddev": 0.0
      },
      "all_times": [
        0.053362707840278745
      ],
      "errors": null
    }
  ]
}