{
  "algorithm": "ford_fulkerson",
  "graph_type": "fixeddegree",
  "results": [
    {
      "graph_file": "100v-30out-1min-1000max.txt",
      "num_vertices": 102,
      "num_edges": 3060,
      "max_flow": 11893,
      "num_successful_runs": 1,
      "num_failed_runs": 0,
      "statistics": {
        "min": 0.061446750070899725,
        "max": 0.061446750070899725,
        "mean": 0.061446750070899725,
        "median": 0.061446750070899725,
        "stddev": 0.0
      },
      "all_times": [
        0.061446750070899725
      ],
      "errors": null
    },
    {
      "graph_file": "250v-30out-1min-1000max.txt",
      "num_vertices": 252,
      "num_edges": 7560,
      "max_flow": 14738,
      "num_successful_runs": 1,
      "num_failed_runs": 0,
      "statistics": {
        "min": 0.06822441681288183,
        "max": 0.06822441681288183,
        "mean": 0.06822441681288183,
        "median": 0.06822441681288183,
        "stddev": 0.0
      },
      "all_times": [
        0.06822441681288183
      ],
      "errors": null
    }
  ]
}