{
  "algorithm": "preflow_push",
  "graph_type": "bipartite",
  "results": [
    {
      "graph_file": "100s-100t-5p-1min-10max.txt",
      "num_vertices": 202,
      "num_edges": 5198,
      "max_flow": 521,
      "num_successful_runs": 10,
      "num_failed_runs": 0,
      "statistics": {
        "min": 0.06349066691473126,
        "max": 0.10596891702152789,
        "mean": 0.08735289173200726,
        "median": 0.0860885625006631,
        "stddev": 0.015157911536005798
      },
      "all_times": [
        0.10596891702152789,
        0.08251820807345212,
        0.1043775831349194,
        0.08442187495529652,
        0.1020313750486821,
        0.07300487509928644,
        0.08775525004602969,
        0.09907525009475648,
        0.06349066691473126,
        0.07088491693139076
      ],
      "errors": null
    },
    {
      "graph_file": "200s-200t-5p-1min-10max.txt",
      "num_vertices": 402,
      "num_edges": 20380,
      "max_flow": 1018,
      "num_successful_runs": 10,
      "num_failed_runs": 0,
      "statistics": {
        "min": 10.655889791902155,
        "max": 14.89079733309336,
        "mean": 12.412723146029748,
        "median": 12.5432568754768,
        "stddev": 1.2017536392815862
      },
      "all_times": [
        12.000948666129261,
        10.655889791902155,
        12.697769792051986,
        12.573642958886921,
        12.798367167124525,
        14.89079733309336,
        10.964888249989599,
        12.512870792066678,
        13.296273667132482,
        11.735783041920513
      ],
      "errors": null
    },
    {
      "graph_file": "300s-300t-5p-1min-10max.txt",
      "num_vertices": 602,
      "num_edges": 45481,
      "max_flow": 1647,
      "num_successful_runs": 10,
      "num_failed_runs": 0,
      "statistics": {
        "min": 19.21575825009495,
        "max": 22.70874745794572,
        "mean": 20.724176729284228,
        "median": 20.46389481239021,
        "stddev": 1.304293882356928
      },
      "all_times": [
        19.21575825009495,
        20.03218691702932,
        22.531402833061293,
        22.70874745794572,
        20.62547754193656,
        21.5352120839525,
        21.583354166941717,
        19.277629709104076,
        19.429686249932274,
        20.302312082843855
      ],
      "errors": null
    },
    {
      "graph_file": "400s-400t-5p-1min-10max.txt",
      "num_vertices": 802,
      "num_edges": 80750,
      "max_flow": 2059,
      "num_successful_runs": 10,
      "num_failed_runs": 0,
      "statistics": {
        "min": 72.03793099988252,
        "max": 115.98326537501998,
        "mean": 96.8332945625065,
        "median": 96.73514422948938,
        "stddev": 12.71139855175709
      },
      "all_times": [
        115.98326537501998,
        111.00136791705154,
        108.09894891595468,
        97.62611075001769,
        97.49771962501109,
        95.97256883396767,
        90.53754191612825,
        88.31608408410102,
        91.26140720793046,
        72.03793099988252
      ],
      "errors": null
    },
    {
      "graph_file": "500s-500t-5p-1min-10max.txt",
      "num_vertices": 1002,
      "num_edges": 126037,
      "max_flow": 2735,
      "num_successful_runs": 10,
      "num_failed_runs": 0,
      "statistics": {
        "min": 123.94362962478772,
        "max": 184.15227741701528,
        "mean": 147.47512179154438,
        "median": 138.6734241665108,
        "stddev": 22.27166193134989
      },
      "all_times": [
        184.15227741701528,
        181.76317066699266,
        163.08277820888907,
        153.91397979087196,
        123.94362962478772,
        142.8924092920497,
        134.45443904097192,
        133.13454841589555,
        130.10207633278333,
        127.3119091251865
      ],
      "errors": null
    },
    {
      "graph_file": "50s-50t-5p-1min-10max.txt",
      "num_vertices": 102,
      "num_edges": 1366,
      "max_flow": 211,
      "num_successful_runs": 10,
      "num_failed_runs": 0,
      "statistics": {
        "min": 0.0562631671782583,
        "max": 0.10892445803619921,
        "mean": 0.0769026790978387,
        "median": 0.07052843749988824,
        "stddev": 0.015564335156784286
      },
      "all_times": [
        0.10892445803619921,
        0.06977341719903052,
        0.09103629202581942,
        0.0562631671782583,
        0.08789562480524182,
        0.06443262496031821,
        0.06766491592861712,
        0.06943816598504782,
        0.08231466705910861,
        0.07128345780074596
      ],
      "errors": null
    },
    {
      "graph_file": "600s-600t-5p-1min-10max.txt",
      "num_vertices": 1202,
      "num_edges": 181588,
      "max_flow": 3225,
      "num_successful_runs": 10,
      "num_failed_runs": 0,
      "statistics": {
        "min": 0.8595653339289129,
        "max": 1.1053522499278188,
        "mean": 0.977163479081355,
        "median": 0.9815465830033645,
        "stddev": 0.07281636272352218
      },
      "all_times": [
        1.004747958155349,
        1.00050862506032,
        1.1053522499278188,
        0.9464480830356479,
        0.987641875166446,
        1.060599957825616,
        0.8987898749765009,
        0.8595653339289129,
        0.9325295418966562,
        0.975451290840283
      ],
      "errors": null
    },
    {
      "graph_file": "800s-800t-5p-1min-10max.txt",
      "num_vertices": 1602,
      "num_edges": 321384,
      "max_flow": 4325,
      "num_successful_runs": 10,
      "num_failed_runs": 0,
      "statistics": {
        "min": 492.9696354579646,
        "max": 767.9086650828831,
        "mean": 541.355377908377,
        "median": 504.27168574999087,
        "stddev": 87.22395737343481
      },
      "all_times": [
        767.9086650828831,
        613.3889958751388,
        517.8018497088924,
        522.3425471249502,
        492.9696354579646,
        504.94359066709876,
        496.0789368748665,
        503.59978083288297,
        499.4294865420088,
        495.0902909170836
      ],
      "errors": null
    }
  ]
}