{
  "algorithm": "preflow_push",
  "graph_type": "random",
  "results": [
    {
      "graph_file": "1000v-30d-1min-1000max.txt",
      "num_vertices": 1001,
      "num_edges": 298712,
      "max_flow": 141504,
      "num_successful_runs": 10,
      "num_failed_runs": 0,
      "statistics": {
        "min": 154.83127404213883,
        "max": 232.34951833402738,
        "mean": 188.12238812088034,
        "median": 186.93154291633982,
        "stddev": 24.88531878726662
      },
      "all_times": [
        232.34951833402738,
        220.29895741702057,
        202.17242879094556,
        192.86509174993262,
        190.43245483282954,
        183.4306309998501,
        173.0207382091321,
        154.83127404213883,
        168.34866749984212,
        163.47411933308467
      ],
      "errors": null
    },
    {
      "graph_file": "100v-30d-1min-1000max.txt",
      "num_vertices": 101,
      "num_edges": 2947,
      "max_flow": 11745,
      "num_successful_runs": 10,
      "num_failed_runs": 0,
      "statistics": {
        "min": 0.052447292022407055,
        "max": 0.08948062499985099,
        "mean": 0.06695881662890316,
        "median": 0.06466314604040235,
        "stddev": 0.01122330529066489
      },
      "all_times": [
        0.052447292022407055,
        0.057011709082871675,
        0.06979379104450345,
        0.05796841694973409,
        0.0647411250974983,
        0.06407354096882045,
        0.08948062499985099,
        0.06458516698330641,
        0.08137520798482001,
        0.06811129115521908
      ],
      "errors": null
    },
    {
      "graph_file": "1250v-30d-1min-1000max.txt",
      "num_vertices": 1251,
      "num_edges": 467890,
      "max_flow": 182410,
      "num_successful_runs": 10,
      "num_failed_runs": 0,
      "statistics": {
        "min": 1.158990832976997,
        "max": 1.438974707853049,
        "mean": 1.2609549625078216,
        "median": 1.24945550004486,
        "stddev": 0.07767190748716872
      },
      "all_times": [
        1.158990832976997,
        1.2660362920723855,
        1.3061362919397652,
        1.1868153749965131,
        1.2414895000401884,
        1.300253292080015,
        1.2402138749603182,
        1.2574215000495315,
        1.2132179581094533,
        1.438974707853049
      ],
      "errors": null
    },
    {
      "graph_file": "1500v-30d-1min-1000max.txt",
      "num_vertices": 1501,
      "num_edges": 672543,
      "max_flow": 228726,
      "num_successful_runs": 10,
      "num_failed_runs": 0,
      "statistics": {
        "min": 1.6798203331418335,
        "max": 1.9366346248425543,
        "mean": 1.8030752457445487,
        "median": 1.7939406875520945,
        "stddev": 0.08410468469330123
      },
      "all_times": [
        1.6798203331418335,
        1.8033176669850945,
        1.9366346248425543,
        1.8888357910327613,
        1.6991848750039935,
        1.7559625830035657,
        1.8922292501665652,
        1.7647168340627104,
        1.8254867910873145,
        1.7845637081190944
      ],
      "errors": null
    },
    {
      "graph_file": "200v-30d-1min-1000max.txt",
      "num_vertices": 201,
      "num_edges": 12206,
      "max_flow": 33735,
      "num_successful_runs": 10,
      "num_failed_runs": 0,
      "statistics": {
        "min": 0.06435949984006584,
        "max": 0.09753695805557072,
        "mean": 0.08429834998678416,
        "median": 0.08615693741012365,
        "stddev": 0.00928375191044411
      },
      "all_times": [
        0.08245954220183194,
        0.08949979208409786,
        0.07402750011533499,
        0.06435949984006584,
        0.09067624993622303,
        0.0877852919511497,
        0.0840693328063935,
        0.08804075000807643,
        0.09753695805557072,
        0.08452858286909759
      ],
      "errors": null
    },
    {
      "graph_file": "400v-30d-1min-1000max.txt",
      "num_vertices": 401,
      "num_edges": 47271,
      "max_flow": 61185,
      "num_successful_runs": 10,
      "num_failed_runs": 0,
      "statistics": {
        "min": 0.17289545806124806,
        "max": 0.23177070799283683,
        "mean": 0.1974074872210622,
        "median": 0.19071812450420111,
        "stddev": 0.018857611733181068
      },
      "all_times": [
        0.20199258299544454,
        0.17289545806124806,
        0.18452999996952713,
        0.2242964580655098,
        0.18900941614992917,
        0.23177070799283683,
        0.1823523328639567,
        0.18773220805451274,
        0.19242683285847306,
        0.20706887519918382
      ],
      "errors": null
    },
    {
      "graph_file": "600v-30d-1min-1000max.txt",
      "num_vertices": 601,
      "num_edges": 107589,
      "max_flow": 89375,
      "num_successful_runs": 10,
      "num_failed_runs": 0,
      "statistics": {
        "min": 0.26562354201450944,
        "max": 0.37045079190284014,
        "mean": 0.308546608267352,
        "median": 0.3031165834981948,
        "stddev": 0.033137205131672204
      },
      "all_times": [
        0.26562354201450944,
        0.3055838330183178,
        0.30303916707634926,
        0.3616439579054713,
        0.30319399992004037,
        0.2895777919329703,
        0.37045079190284014,
        0.2891753329895437,
        0.3125115828588605,
        0.28466608305461705
      ],
      "errors": null
    },
    {
      "graph_file": "800v-30d-1min-1000max.txt",
      "num_vertices": 801,
      "num_edges": 191043,
      "max_flow": 113742,
      "num_successful_runs": 10,
      "num_failed_runs": 0,
      "statistics": {
        "min": 93.02007837500423,
        "max": 115.04086012486368,
        "mean": 102.26163371242583,
        "median": 99.26761172898114,
        "stddev": 8.543103023458329
      },
      "all_times": [
        115.04086012486368,
        114.87248233309947,
        112.1162348750513,
        100.34918658295646,
        102.06925620813854,
        98.18603687500581,
        95.49298725021072,
        93.02007837500423,
        96.3160567919258,
        95.15315770800225
      ],
      "errors": null
    }
  ]
}