{
  "algorithm": "ford_fulkerson",
  "graph_type": "bipartite",
  "results": [
    {
      "graph_file": "100s-100t-5p-1min-1000max.txt",
      "num_vertices": 202,
      "num_edges": 5199,
      "max_flow": 48044,
      "num_successful_runs": 2,
      "num_failed_runs": 0,
      "statistics": {
        "min": 0.06778087513521314,
        "max": 0.17031745798885822,
        "mean": 0.11904916656203568,
        "median": 0.11904916656203568,
        "stddev": 0.07250431305550872
      },
      "all_times": [
        0.17031745798885822,
        0.06778087513521314
      ],
      "errors": null
    },
    {
      "graph_file": "50s-50t-5p-1min-1000max.txt",
      "num_vertices": 102,
      "num_edges": 1312,
      "max_flow": 25204,
      "num_successful_runs": 2,
      "num_failed_runs": 0,
      "statistics": {
        "min": 0.05076424987055361,
        "max": 0.13682433310896158,
        "mean": 0.0937942914897576,
        "median": 0.0937942914897576,
        "stddev": 0.06085366844735701
      },
      "all_times": [
        0.13682433310896158,
        0.05076424987055361
      ],
      "errors": null
    }
  ]
}