{
  "algorithm": "scaling_ford_fulkerson",
  "graph_type": "mesh",
  "results": [
    {
      "graph_file": "100r-100c-1000cap-const.txt",
      "num_vertices": 10002,
      "num_edges": 29900,
      "max_flow": 100000,
      "num_successful_runs": 10,
      "num_failed_runs": 0,
      "statistics": {
        "min": 0.533335082931444,
        "max": 0.6187825419474393,
        "mean": 0.5823016209062188,
        "median": 0.5843420624732971,
        "stddev": 0.027947544999700136
      },
      "all_times": [
        0.5828490420244634,
        0.6115780000109226,
        0.533335082931444,
        0.6187825419474393,
        0.5921193331014365,
        0.5657225840259343,
        0.6139301669318229,
        0.5620281251613051,
        0.5858350829221308,
        0.5568362500052899
      ],
      "errors": null
    },
    {
      "graph_file": "125r-125c-1000cap-const.txt",
      "num_vertices": 15627,
      "num_edges": 46750,
      "max_flow": 125000,
      "num_successful_runs": 10,
      "num_failed_runs": 0,
      "statistics": {
        "min": 1.057765832869336,
        "max": 1.4655016658362001,
        "mean": 1.2307698543881997,
        "median": 1.221562416991219,
        "stddev": 0.12729456850485066
      },
      "all_times": [
        1.2519541250076145,
        1.1784768339712173,
        1.1248660839628428,
        1.057765832869336,
        1.406352458987385,
        1.4655016658362001,
        1.2295274168718606,
        1.1125991251319647,
        1.2135974171105772,
        1.2670575841329992
      ],
      "errors": null
    },
    {
      "graph_file": "150r-150c-1000cap-const.txt",
      "num_vertices": 22502,
      "num_edges": 67350,
      "max_flow": 150000,
      "num_successful_runs": 10,
      "num_failed_runs": 0,
      "statistics": {
        "min": 1.673863457981497,
        "max": 2.69720616703853,
        "mean": 2.13833033319097,
        "median": 2.2148741870187223,
        "stddev": 0.34519666141487937
      },
      "all_times": [
        2.1617502910085022,
        2.356425916077569,
        2.69720616703853,
        2.2679980830289423,
        2.395133249927312,
        2.383147499989718,
        1.9820989579893649,
        1.720378833822906,
        1.673863457981497,
        1.7453008750453591
      ],
      "errors": null
    },
    {
      "graph_file": "200r-200c-1000cap-const.txt",
      "num_vertices": 40002,
      "num_edges": 119800,
      "max_flow": 200000,
      "num_successful_runs": 10,
      "num_failed_runs": 0,
      "statistics": {
        "min": 2.7643975832033902,
        "max": 6.590015124995261,
        "mean": 4.049930479121395,
        "median": 3.2909816870233044,
        "stddev": 1.500494635065759
      },
      "all_times": [
        6.590015124995261,
        6.541100499918684,
        5.038172916974872,
        4.186202666023746,
        3.4162761659827083,
        3.009685792028904,
        2.9918850420508534,
        2.795881791971624,
        3.1656872080639005,
        2.7643975832033902
      ],
      "errors": null
    },
    {
      "graph_file": "20r-20c-1000cap-const.txt",
      "num_vertices": 402,
      "num_edges": 1180,
      "max_flow": 20000,
      "num_successful_runs": 10,
      "num_failed_runs": 0,
      "statistics": {
        "min": 0.06177195883356035,
        "max": 0.1047731670551002,
        "mean": 0.07525407515931874,
        "median": 0.07152895862236619,
        "stddev": 0.01304002377341232
      },
      "all_times": [
        0.06177195883356035,
        0.07941958284936845,
        0.0740416250191629,
        0.0885644587688148,
        0.1047731670551002,
        0.06588933290913701,
        0.06901629222556949,
        0.06482987501658499,
        0.07574324985034764,
        0.06849120906554163
      ],
      "errors": null
    },
    {
      "graph_file": "40r-40c-1000cap-const.txt",
      "num_vertices": 1602,
      "num_edges": 4760,
      "max_flow": 40000,
      "num_successful_runs": 10,
      "num_failed_runs": 0,
      "statistics": {
        "min": 0.06730729201808572,
        "max": 0.12482545804232359,
        "mean": 0.08560287507716566,
        "median": 0.08242291689384729,
        "stddev": 0.016500030311446336
      },
      "all_times": [
        0.07654300006106496,
        0.08477599988691509,
        0.12482545804232359,
        0.08555441698990762,
        0.09850249998271465,
        0.07294241711497307,
        0.09052620781585574,
        0.07498162495903671,
        0.06730729201808572,
        0.08006983390077949
      ],
      "errors": null
    },
    {
      "graph_file": "60r-60c-1000cap-const.txt",
      "num_vertices": 3602,
      "num_edges": 10740,
      "max_flow": 60000,
      "num_successful_runs": 10,
      "num_failed_runs": 0,
      "statistics": {
        "min": 0.1162136250641197,
        "max": 0.20812149997800589,
        "mean": 0.1567310960032046,
        "median": 0.15287660446483642,
        "stddev": 0.027615826508945875
      },
      "all_times": [
        0.15285229193978012,
        0.1162136250641197,
        0.17586687509901822,
        0.17392075015231967,
        0.15290091698989272,
        0.12544370791874826,
        0.14226049999706447,
        0.14140270883217454,
        0.17832808406092227,
        0.20812149997800589
      ],
      "errors": null
    },
    {
      "graph_file": "80r-80c-1000cap-const.txt",
      "num_vertices": 6402,
      "num_edges": 19120,
      "max_flow": 80000,
      "num_successful_runs": 10,
      "num_failed_runs": 0,
      "statistics": {
        "min": 0.23354454198852181,
        "max": 0.524325167061761,
        "mean": 0.3273626208072528,
        "median": 0.2922991249943152,
        "stddev": 0.0910678428402632
      },
      "all_times": [
        0.25263375020585954,
        0.26869779103435576,
        0.2884678749833256,
        0.23354454198852181,
        0.3338084169663489,
        0.2961303750053048,
        0.2737797498703003,
        0.524325167061761,
        0.3716479998547584,
        0.43059054110199213
      ],
      "errors": null
    }
  ]
}