{
  "algorithm": "preflow_push",
  "graph_type": "fixeddegree",
  "results": [
    {
      "graph_file": "1000v-30out-1min-1000max.txt",
      "num_vertices": 1002,
      "num_edges": 30060,
      "max_flow": 16189,
      "num_successful_runs": 10,
      "num_failed_runs": 0,
      "statistics": {
        "min": 0.15822320780716836,
        "max": 0.26182154193520546,
        "mean": 0.19627311248332263,
        "median": 0.19314302096609026,
        "stddev": 0.027388474845945913
      },
      "all_times": [
        0.1951520419679582,
        0.21229808288626373,
        0.19986670813523233,
        0.26182154193520546,
        0.1977484580129385,
        0.17367691709659994,
        0.1911339999642223,
        0.185439791996032,
        0.15822320780716836,
        0.18737037503160536
      ],
      "errors": null
    },
    {
      "graph_file": "100v-30out-1min-1000max.txt",
      "num_vertices": 102,
      "num_edges": 3060,
      "max_flow": 13370,
      "num_successful_runs": 10,
      "num_failed_runs": 0,
      "statistics": {
        "min": 0.38226970797404647,
        "max": 0.5605041671078652,
        "mean": 0.42730716252699497,
        "median": 0.41864697891287506,
        "stddev": 0.05295334342741205
      },
      "all_times": [
        0.46509620919823647,
        0.5605041671078652,
        0.4001927077770233,
        0.39326754212379456,
        0.38226970797404647,
        0.4216314998921007,
        0.4156624579336494,
        0.3829213751014322,
        0.42679108306765556,
        0.42473487509414554
      ],
      "errors": null
    },
    {
      "graph_file": "1500v-30out-1min-1000max.txt",
      "num_vertices": 1502,
      "num_edges": 45060,
      "max_flow": 14829,
      "num_successful_runs": 10,
      "num_failed_runs": 0,
      "statistics": {
        "min": 0.2207597908563912,
        "max": 0.3430235420819372,
        "mean": 0.24933346658945083,
        "median": 0.2338447084184736,
        "stddev": 0.03698906396643828
      },
      "all_times": [
        0.2687205830588937,
        0.2287760830949992,
        0.3430235420819372,
        0.23059041681699455,
        0.2245164168998599,
        0.24216362508013844,
        0.2682360000908375,
        0.23709900001995265,
        0.22944920789450407,
        0.2207597908563912
      ],
      "errors": null
    },
    {
      "graph_file": "2000v-30out-1min-1000max.txt",
      "num_vertices": 2002,
      "num_edges": 60060,
      "max_flow": 13977,
      "num_successful_runs": 10,
      "num_failed_runs": 0,
      "statistics": {
        "min": 127.81211549998261,
        "max": 188.6444305421319,
        "mean": 159.46080054594205,
        "median": 155.6934358755825,
        "stddev": 19.828845324477385
      },
      "all_times": [
        188.6444305421319,
        182.23199849994853,
        183.40802908292972,
        161.84932450018823,
        157.99387845909223,
        153.3929932920728,
        150.97422308311798,
        146.12785479193553,
        142.17315770802088,
        127.81211549998261
      ],
      "errors": null
    },
    {
      "graph_file": "2500v-30out-1min-1000max.txt",
      "num_vertices": 2502,
      "num_edges": 75060,
      "max_flow": 13994,
      "num_successful_runs": 10,
      "num_failed_runs": 0,
      "statistics": {
        "min": 194.60576158296317,
        "max": 300.44530224986374,
        "mean": 236.0366176500218,
        "median": 228.17178260395303,
        "stddev": 35.72978014914628
      },
      "all_times": [
        300.44530224986374,
        285.58103558421135,
        255.98523729108274,
        243.08913487521932,
        237.11213537491858,
        219.2314298329875,
        200.14407929196022,
        210.83727429201826,
        213.33478612499312,
        194.60576158296317
      ],
      "errors": null
    },
    {
      "graph_file": "250v-30out-1min-1000max.txt",
      "num_vertices": 252,
      "num_edges": 7560,
      "max_flow": 13107,
      "num_successful_runs": 10,
      "num_failed_runs": 0,
      "statistics": {
        "min": 0.06573150004260242,
        "max": 0.11618825001642108,
        "mean": 0.09104122922290117,
        "median": 0.09144212503451854,
        "stddev": 0.018297574073020382
      },
      "all_times": [
        0.10412920895032585,
        0.06573150004260242,
        0.10131308319978416,
        0.08994700014591217,
        0.09293724992312491,
        0.08918754104524851,
        0.0661787090357393,
        0.07198683288879693,
        0.11281291698105633,
        0.11618825001642108
      ],
      "errors": null
    },
    {
      "graph_file": "3000v-30out-1min-1000max.txt",
      "num_vertices": 3002,
      "num_edges": 90060,
      "max_flow": 14613,
      "num_successful_runs": 10,
      "num_failed_runs": 0,
      "statistics": {
        "min": 262.45685308403336,
        "max": 426.03877987503074,
        "mean": 315.36339969995896,
        "median": 298.28066722897347,
        "stddev": 55.343047532663746
      },
      "all_times": [
        426.03877987503074,
        384.7215677918866,
        345.52822254179046,
        325.44481520797126,
        293.72457587486133,
        302.8367585830856,
        280.998420082964,
        264.4637564579025,
        267.42024750006385,
        262.45685308403336
      ],
      "errors": null
    },
    {
      "graph_file": "500v-30out-1min-1000max.txt",
      "num_vertices": 502,
      "num_edges": 15060,
      "max_flow": 15046,
      "num_successful_runs": 10,
      "num_failed_runs": 0,
      "statistics": {
        "min": 9.915104416199028,
        "max": 11.22750454209745,
        "mean": 10.352076437557116,
        "median": 10.282827291521244,
        "stddev": 0.36995810905861615
      },
      "all_times": [
        10.465093292063102,
        10.172914209077135,
        10.231101207900792,
        10.334553375141695,
        9.915104416199028,
        11.22750454209745,
        10.631719792028889,
        10.059818875044584,
        10.12613237509504,
        10.356822290923446
      ],
      "errors": null
    }
  ]
}