{
  "algorithm": "ford_fulkerson",
  "graph_type": "bipartite",
  "results": [
    {
      "graph_file": "100s-100t-8p-1min-1000max.txt",
      "num_vertices": 202,
      "num_edges": 8201,
      "max_flow": 48688,
      "num_successful_runs": 10,
      "num_failed_runs": 0,
      "statistics": {
        "min": 0.12302483292296529,
        "max": 0.208070500055328,
        "mean": 0.15736264584120363,
        "median": 0.15097216656431556,
        "stddev": 0.03102521521739162
      },
      "all_times": [
        0.1660054160747677,
        0.208070500055328,
        0.2003785001579672,
        0.12969387485645711,
        0.12326820916496217,
        0.14086608309298754,
        0.14158379193395376,
        0.12302483292296529,
        0.16036054119467735,
        0.18037470895797014
      ],
      "errors": null
    },
    {
      "graph_file": "125s-125t-8p-1min-1000max.txt",
      "num_vertices": 252,
      "num_edges": 12744,
      "max_flow": 62788,
      "num_successful_runs": 10,
      "num_failed_runs": 0,
      "statistics": {
        "min": 0.17626550002023578,
        "max": 0.3023742081131786,
        "mean": 0.2191374289104715,
        "median": 0.2123728955630213,
        "stddev": 0.0391085595198938
      },
      "all_times": [
        0.3023742081131786,
        0.17626550002023578,
        0.22434233292005956,
        0.1924497908912599,
        0.2202100409194827,
        0.21241154102608562,
        0.26918775006197393,
        0.212334250099957,
        0.1851047920063138,
        0.1966940830461681
      ],
      "errors": null
    },
    {
      "graph_file": "150s-150t-8p-1min-1000max.txt",
      "num_vertices": 302,
      "num_edges": 18357,
      "max_flow": 72970,
      "num_successful_runs": 10,
      "num_failed_runs": 0,
      "statistics": {
        "min": 0.16583629115484655,
        "max": 0.3970926671754569,
        "mean": 0.2838111625285819,
        "median": 0.2954852505354211,
        "stddev": 0.08616654588928477
      },
      "all_times": [
        0.3970926671754569,
        0.3805697909556329,
        0.3082095419522375,
        0.28276095911860466,
        0.3684152918867767,
        0.3264314590487629,
        0.23205258301459253,
        0.19936987501569092,
        0.16583629115484655,
        0.17737316596321762
      ],
      "errors": null
    },
    {
      "graph_file": "30s-30t-8p-1min-1000max.txt",
      "num_vertices": 62,
      "num_edges": 762,
      "max_flow": 14585,
      "num_successful_runs": 10,
      "num_failed_runs": 0,
      "statistics": {
        "min": 0.04482262511737645,
        "max": 0.130302791018039,
        "mean": 0.07490906666498631,
        "median": 0.06388981244526803,
        "stddev": 0.02860176747081156
      },
      "all_times": [
        0.08827533293515444,
        0.11376979085616767,
        0.130302791018039,
        0.052596084075048566,
        0.07154199993237853,
        0.05522895883768797,
        0.04482262511737645,
        0.05623762495815754,
        0.05467104190029204,
        0.08164441701956093
      ],
      "errors": null
    },
    {
      "graph_file": "50s-50t-8p-1min-1000max.txt",
      "num_vertices": 102,
      "num_edges": 2116,
      "max_flow": 24113,
      "num_successful_runs": 10,
      "num_failed_runs": 0,
      "statistics": {
        "min": 0.06236337521113455,
        "max": 0.13313066610135138,
        "mean": 0.0882839041063562,
        "median": 0.08847595856059343,
        "stddev": 0.019824348208285346
      },
      "all_times": [
        0.09925883309915662,
        0.13313066610135138,
        0.09409508295357227,
        0.09093399997800589,
        0.09432691684924066,
        0.06917224987410009,
        0.06236337521113455,
        0.07998304185457528,
        0.08601791714318097,
        0.07355695799924433
      ],
      "errors": null
    },
    {
      "graph_file": "75s-75t-8p-1min-1000max.txt",
      "num_vertices": 152,
      "num_edges": 4694,
      "max_flow": 35323,
      "num_successful_runs": 10,
      "num_failed_runs": 0,
      "statistics": {
        "min": 0.08153924997895956,
        "max": 0.22127870796248317,
        "mean": 0.11526761658024043,
        "median": 0.10439256299287081,
        "stddev": 0.03999337205090293
      },
      "all_times": [
        0.13478329102508724,
        0.22127870796248317,
        0.11066029104404151,
        0.08729454199783504,
        0.10228533414192498,
        0.1109708750154823,
        0.1018955409526825,
        0.10649979184381664,
        0.08153924997895956,
        0.09546854184009135
      ],
      "errors": null
    }
  ]
}