{
  "algorithm": "preflow_push",
  "graph_type": "random",
  "results": [
    {
      "graph_file": "100v-60d-1min-1000max.txt",
      "num_vertices": 101,
      "num_edges": 5856,
      "max_flow": 25069,
      "num_successful_runs": 10,
      "num_failed_runs": 0,
      "statistics": {
        "min": 0.058735666098073125,
        "max": 0.0837574580218643,
        "mean": 0.07206217495258897,
        "median": 0.06964293750934303,
        "stddev": 0.00912385082523338
      },
      "all_times": [
        0.07133512501604855,
        0.0837574580218643,
        0.058735666098073125,
        0.06134779192507267,
        0.08226824994198978,
        0.067393499892205,
        0.0679507500026375,
        0.08081133291125298,
        0.06658670888282359,
        0.08043516683392227
      ],
      "errors": null
    },
    {
      "graph_file": "150v-60d-1min-1000max.txt",
      "num_vertices": 151,
      "num_edges": 13404,
      "max_flow": 45629,
      "num_successful_runs": 10,
      "num_failed_runs": 0,
      "statistics": {
        "min": 0.9909263751469553,
        "max": 1.732982958899811,
        "mean": 1.2536102292127906,
        "median": 1.1738225414883345,
        "stddev": 0.267524678778528
      },
      "all_times": [
        1.7267987090162933,
        1.732982958899811,
        1.2991157500073314,
        1.177119875093922,
        1.1964932910632342,
        1.170525207882747,
        1.1601299159228802,
        1.086772375041619,
        0.9909263751469553,
        0.9952378340531141
      ],
      "errors": null
    },
    {
      "graph_file": "200v-60d-1min-1000max.txt",
      "num_vertices": 201,
      "num_edges": 23608,
      "max_flow": 54830,
      "num_successful_runs": 10,
      "num_failed_runs": 0,
      "statistics": {
        "min": 2.132179666077718,
        "max": 3.7664262079633772,
        "mean": 2.472857158491388,
        "median": 2.2017748755170032,
        "stddev": 0.522834182210374
      },
      "all_times": [
        3.7664262079633772,
        2.861867749830708,
        2.7233834590297192,
        2.3665082920342684,
        2.22191816708073,
        2.1816315839532763,
        2.140237292042002,
        2.1760380000341684,
        2.132179666077718,
        2.158381166867912
      ],
      "errors": null
    },
    {
      "graph_file": "250v-60d-1min-1000max.txt",
      "num_vertices": 251,
      "num_edges": 37347,
      "max_flow": 60628,
      "num_successful_runs": 10,
      "num_failed_runs": 0,
      "statistics": {
        "min": 0.10178554197773337,
        "max": 0.2085851668380201,
        "mean": 0.14676294149830937,
        "median": 0.1406433954834938,
        "stddev": 0.030307920170283914
      },
      "all_times": [
        0.13917108299210668,
        0.10178554197773337,
        0.13057033298537135,
        0.14211570797488093,
        0.14971700008027256,
        0.13059520814567804,
        0.1501574581488967,
        0.12944820802658796,
        0.18548370781354606,
        0.2085851668380201
      ],
      "errors": null
    },
    {
      "graph_file": "50v-60d-1min-1000max.txt",
      "num_vertices": 51,
      "num_edges": 1437,
      "max_flow": 12729,
      "num_successful_runs": 10,
      "num_failed_runs": 0,
      "statistics": {
        "min": 0.0570651248563081,
        "max": 0.1703969999216497,
        "mean": 0.08286669158842415,
        "median": 0.07012941665016115,
        "stddev": 0.03296724310638104
      },
      "all_times": [
        0.09129045787267387,
        0.0570651248563081,
        0.0710699581541121,
        0.06568320794031024,
        0.08986574993468821,
        0.08579150005243719,
        0.06270987493917346,
        0.0691888751462102,
        0.1703969999216497,
        0.0656051670666784
      ],
      "errors": null
    },
    {
      "graph_file": "75v-60d-1min-1000max.txt",
      "num_vertices": 76,
      "num_edges": 3251,
      "max_flow": 17155,
      "num_successful_runs": 10,
      "num_failed_runs": 0,
      "statistics": {
        "min": 0.0577500001527369,
        "max": 0.15662145800888538,
        "mean": 0.08218664154410363,
        "median": 0.07303241651970893,
        "stddev": 0.028685791857971297
      },
      "all_times": [
        0.0717418328858912,
        0.06583137507550418,
        0.09879895788617432,
        0.08056433405727148,
        0.07432300015352666,
        0.07028845814056695,
        0.15662145800888538,
        0.08392391609959304,
        0.0577500001527369,
        0.0620230829808861
      ],
      "errors": null
    }
  ]
}