{
  "algorithm": "scaling_ford_fulkerson",
  "graph_type": "mesh",
  "results": [
    {
      "graph_file": "15r-15c-1000cap-const.txt",
      "num_vertices": 227,
      "num_edges": 660,
      "max_flow": 15000,
      "num_successful_runs": 10,
      "num_failed_runs": 0,
      "statistics": {
        "min": 0.05453124991618097,
        "max": 0.08665529196150601,
        "mean": 0.07116688350215554,
        "median": 0.07188416656572372,
        "stddev": 0.012128037517846142
      },
      "all_times": [
        0.07937808404676616,
        0.05453124991618097,
        0.08665529196150601,
        0.082609917037189,
        0.08307220903225243,
        0.07429266604594886,
        0.054746707901358604,
        0.06919025001116097,
        0.05771679198369384,
        0.06947566708549857
      ],
      "errors": null
    },
    {
      "graph_file": "25r-25c-1000cap-const.txt",
      "num_vertices": 627,
      "num_edges": 1850,
      "max_flow": 25000,
      "num_successful_runs": 10,
      "num_failed_runs": 0,
      "statistics": {
        "min": 0.07182633294723928,
        "max": 0.0898738328833133,
        "mean": 0.08026727058459074,
        "median": 0.07898222911171615,
        "stddev": 0.0056096267694090455
      },
      "all_times": [
        0.07511741598136723,
        0.07766275014728308,
        0.0898738328833133,
        0.08692658389918506,
        0.0826556661631912,
        0.0775817078538239,
        0.07654966600239277,
        0.07182633294723928,
        0.08030170807614923,
        0.08417704189196229
      ],
      "errors": null
    },
    {
      "graph_file": "35r-35c-1000cap-const.txt",
      "num_vertices": 1227,
      "num_edges": 3640,
      "max_flow": 35000,
      "num_successful_runs": 10,
      "num_failed_runs": 0,
      "statistics": {
        "min": 0.07754441606812179,
        "max": 0.11123616597615182,
        "mean": 0.09313176232390105,
        "median": 0.09278981201350689,
        "stddev": 0.011262964122049291
      },
      "all_times": [
        0.1051381251309067,
        0.1044755419716239,
        0.07754441606812179,
        0.09377295803278685,
        0.09458541590720415,
        0.07933424995280802,
        0.08346833405084908,
        0.08995575015433133,
        0.09180666599422693,
        0.11123616597615182
      ],
      "errors": null
    },
    {
      "graph_file": "45r-45c-1000cap-const.txt",
      "num_vertices": 2027,
      "num_edges": 6030,
      "max_flow": 45000,
      "num_successful_runs": 10,
      "num_failed_runs": 0,
      "statistics": {
        "min": 0.09649254218675196,
        "max": 0.14158137515187263,
        "mean": 0.11984497513622046,
        "median": 0.11547162488568574,
        "stddev": 0.01585503116243215
      },
      "all_times": [
        0.13070183410309255,
        0.11485624988563359,
        0.13432408310472965,
        0.1160869998857379,
        0.10795054212212563,
        0.14158137515187263,
        0.14009187510237098,
        0.11340929195284843,
        0.09649254218675196,
        0.10295495786704123
      ],
      "errors": null
    },
    {
      "graph_file": "55r-55c-1000cap-const.txt",
      "num_vertices": 3027,
      "num_edges": 9020,
      "max_flow": 55000,
      "num_successful_runs": 10,
      "num_failed_runs": 0,
      "statistics": {
        "min": 0.09376416704617441,
        "max": 0.20767779112793505,
        "mean": 0.14708851659670472,
        "median": 0.14195577055215836,
        "stddev": 0.03336147902693257
      },
      "all_times": [
        0.1628567089792341,
        0.14507958316244185,
        0.172259374987334,
        0.13883195794187486,
        0.13497987482696772,
        0.176530540920794,
        0.12132233288139105,
        0.20767779112793505,
        0.11758283409290016,
        0.09376416704617441
      ],
      "errors": null
    },
    {
      "graph_file": "65r-65c-1000cap-const.txt",
      "num_vertices": 4227,
      "num_edges": 12610,
      "max_flow": 65000,
      "num_successful_runs": 10,
      "num_failed_runs": 0,
      "statistics": {
        "min": 0.1132747910451144,
        "max": 0.2503891249652952,
        "mean": 0.18084765828680247,
        "median": 0.18644608359318227,
        "stddev": 0.057358914738600365
      },
      "all_times": [
        0.2321038329973817,
        0.19727716711349785,
        0.22987020900473,
        0.24564724997617304,
        0.17561500007286668,
        0.2503891249652952,
        0.12845041695982218,
        0.12087824987247586,
        0.11497054086066782,
        0.1132747910451144
      ],
      "errors": null
    }
  ]
}