{
  "algorithm": "scaling_ford_fulkerson",
  "graph_type": "fixeddegree",
  "results": [
    {
      "graph_file": "100v-50out-1min-1000max.txt",
      "num_vertices": 102,
      "num_edges": 5100,
      "max_flow": 22267,
      "num_successful_runs": 10,
      "num_failed_runs": 0,
      "statistics": {
        "min": 0.05119916703552008,
        "max": 0.1425050830002874,
        "mean": 0.08990187072195113,
        "median": 0.08867664553690702,
        "stddev": 0.024069564951214966
      },
      "all_times": [
        0.1425050830002874,
        0.07853495795279741,
        0.10172854200936854,
        0.05119916703552008,
        0.09516466618515551,
        0.07804691605269909,
        0.08218862488865852,
        0.10006620804779232,
        0.07261112495325506,
        0.09697341709397733
      ],
      "errors": null
    },
    {
      "graph_file": "150v-50out-1min-1000max.txt",
      "num_vertices": 152,
      "num_edges": 7600,
      "max_flow": 25464,
      "num_successful_runs": 10,
      "num_failed_runs": 0,
      "statistics": {
        "min": 0.07667395891621709,
        "max": 0.1317432918585837,
        "mean": 0.09918220434337854,
        "median": 0.09441227116622031,
        "stddev": 0.018966348110507705
      },
      "all_times": [
        0.1317432918585837,
        0.10532054211944342,
        0.12781191687099636,
        0.07667395891621709,
        0.08068058313801885,
        0.09509287518449128,
        0.08375595812685788,
        0.09373166714794934,
        0.08887000009417534,
        0.10814124997705221
      ],
      "errors": null
    },
    {
      "graph_file": "200v-50out-1min-1000max.txt",
      "num_vertices": 202,
      "num_edges": 10100,
      "max_flow": 25996,
      "num_successful_runs": 10,
      "num_failed_runs": 0,
      "statistics": {
        "min": 0.07250970904715359,
        "max": 0.1172662079334259,
        "mean": 0.09419252907391637,
        "median": 0.09569656196981668,
        "stddev": 0.0143391843626014
      },
      "all_times": [
        0.11317262495867908,
        0.0954974158667028,
        0.1172662079334259,
        0.09026016597636044,
        0.09589570807293057,
        0.08732216712087393,
        0.07250970904715359,
        0.07434520800597966,
        0.09805991686880589,
        0.0975961668882519
      ],
      "errors": null
    },
    {
      "graph_file": "250v-50out-1min-1000max.txt",
      "num_vertices": 252,
      "num_edges": 12600,
      "max_flow": 25578,
      "num_successful_runs": 10,
      "num_failed_runs": 0,
      "statistics": {
        "min": 0.07611475000157952,
        "max": 0.12909354199655354,
        "mean": 0.10452198763377965,
        "median": 0.10780227102804929,
        "stddev": 0.019681274200646314
      },
      "all_times": [
        0.1259156670421362,
        0.1152174579910934,
        0.12909354199655354,
        0.1082318751141429,
        0.10737266694195569,
        0.07611475000157952,
        0.0787771251052618,
        0.08632479212246835,
        0.09415495814755559,
        0.12401704187504947
      ],
      "errors": null
    },
    {
      "graph_file": "75v-50out-1min-1000max.txt",
      "num_vertices": 77,
      "num_edges": 3850,
      "max_flow": 23121,
      "num_successful_runs": 10,
      "num_failed_runs": 0,
      "statistics": {
        "min": 0.0673961250577122,
        "max": 0.11926558311097324,
        "mean": 0.08827121264766902,
        "median": 0.0839760210365057,
        "stddev": 0.017002567895216397
      },
      "all_times": [
        0.11926558311097324,
        0.07951249997131526,
        0.09849187498912215,
        0.068563292035833,
        0.11015012511052191,
        0.08657345897518098,
        0.08137858309783041,
        0.0673961250577122,
        0.0788570421282202,
        0.09252354199998081
      ],
      "errors": null
    }
  ]
}