{
  "algorithm": "preflow_push",
  "graph_type": "bipartite",
  "results": [
    {
      "graph_file": "100s-100t-05p-1min-1000max.txt",
      "num_vertices": 202,
      "num_edges": 5212,
      "max_flow": 43384,
      "num_successful_runs": 10,
      "num_failed_runs": 0,
      "statistics": {
        "min": 0.07425895798951387,
        "max": 0.12235445878468454,
        "mean": 0.09704612505156547,
        "median": 0.10239993734285235,
        "stddev": 0.01483206832575951
      },
      "all_times": [
        0.1033073328435421,
        0.10386079200543463,
        0.09401720901951194,
        0.10149254184216261,
        0.07679754192940891,
        0.07425895798951387,
        0.12235445878468454,
        0.10539445793256164,
        0.08417441695928574,
        0.10480354120954871
      ],
      "errors": null
    },
    {
      "graph_file": "200s-200t-05p-1min-1000max.txt",
      "num_vertices": 402,
      "num_edges": 20509,
      "max_flow": 96982,
      "num_successful_runs": 10,
      "num_failed_runs": 0,
      "statistics": {
        "min": 9.719194791978225,
        "max": 14.063119875034317,
        "mean": 12.144454812491313,
        "median": 12.501820396166295,
        "stddev": 1.4110878303545331
      },
      "all_times": [
        13.032212999882177,
        12.591296542203054,
        13.32947808294557,
        10.03233112487942,
        11.746646458050236,
        14.063119875034317,
        9.719194791978225,
        12.412344250129536,
        13.048895291984081,
        11.46902870782651
      ],
      "errors": null
    },
    {
      "graph_file": "300s-300t-05p-1min-1000max.txt",
      "num_vertices": 602,
      "num_edges": 45532,
      "max_flow": 145336,
      "num_successful_runs": 10,
      "num_failed_runs": 0,
      "statistics": {
        "min": 40.34089116589166,
        "max": 51.790119708981365,
        "mean": 47.746187800052574,
        "median": 48.60254743800033,
        "stddev": 3.315078291606018
      },
      "all_times": [
        44.32182537508197,
        48.517256167018786,
        49.11968595790677,
        51.790119708981365,
        46.46520929085091,
        50.37096654204652,
        48.11261412478052,
        48.68783870898187,
        49.73547095898539,
        40.34089116589166
      ],
      "errors": null
    },
    {
      "graph_file": "400s-400t-05p-1min-1000max.txt",
      "num_vertices": 802,
      "num_edges": 80460,
      "max_flow": 194060,
      "num_successful_runs": 10,
      "num_failed_runs": 0,
      "statistics": {
        "min": 77.39274849998765,
        "max": 92.89457637490705,
        "mean": 85.20934298324865,
        "median": 87.31544193753507,
        "stddev": 6.7013003864591525
      },
      "all_times": [
        92.36717433296144,
        92.89457637490705,
        91.09560166695155,
        86.54839920811355,
        90.20076029188931,
        88.08248466695659,
        78.0976574998349,
        77.39274849998765,
        77.79087795782834,
        77.62314933305606
      ],
      "errors": null
    },
    {
      "graph_file": "500s-500t-05p-1min-1000max.txt",
      "num_vertices": 1002,
      "num_edges": 126084,
      "max_flow": 235464,
      "num_successful_runs": 10,
      "num_failed_runs": 0,
      "statistics": {
        "min": 0.7811071251053363,
        "max": 1.0538351251743734,
        "mean": 0.9046838001580909,
        "median": 0.9040617084829137,
        "stddev": 0.07698520632302834
      },
      "all_times": [
        1.0538351251743734,
        0.9008442079648376,
        0.9551275831181556,
        0.7811071251053363,
        0.9196204170584679,
        0.9687896249815822,
        0.8770985421724617,
        0.8316600420512259,
        0.8514761249534786,
        0.9072792090009898
      ],
      "errors": null
    },
    {
      "graph_file": "50s-50t-05p-1min-1000max.txt",
      "num_vertices": 102,
      "num_edges": 1331,
      "max_flow": 23224,
      "num_successful_runs": 10,
      "num_failed_runs": 0,
      "statistics": {
        "min": 0.05592075013555586,
        "max": 0.10060833301395178,
        "mean": 0.08154120419640094,
        "median": 0.08097289607394487,
        "stddev": 0.012202006780565407
      },
      "all_times": [
        0.0860988749191165,
        0.09105170797556639,
        0.07504933304153383,
        0.07761179213412106,
        0.08433400001376867,
        0.0769473328255117,
        0.07643683394417167,
        0.10060833301395178,
        0.09135308396071196,
        0.05592075013555586
      ],
      "errors": null
    },
    {
      "graph_file": "600s-600t-05p-1min-1000max.txt",
      "num_vertices": 1202,
      "num_edges": 181708,
      "max_flow": 288785,
      "num_successful_runs": 10,
      "num_failed_runs": 0,
      "statistics": {
        "min": 0.9689344170037657,
        "max": 1.2876831670291722,
        "mean": 1.0568976833950727,
        "median": 1.0345058544771746,
        "stddev": 0.09436589127737811
      },
      "all_times": [
        1.2876831670291722,
        1.0480100840795785,
        1.0872530408669263,
        1.0978663340210915,
        1.0917632079217583,
        0.9921140421647578,
        0.9825645829550922,
        0.9689344170037657,
        0.991786333033815,
        1.0210016248747706
      ],
      "errors": null
    },
    {
      "graph_file": "800s-800t-05p-1min-1000max.txt",
      "num_vertices": 1602,
      "num_edges": 321677,
      "max_flow": 390404,
      "num_successful_runs": 10,
      "num_failed_runs": 0,
      "statistics": {
        "min": 568.2853973750025,
        "max": 980.4465273749083,
        "mean": 683.9838109334698,
        "median": 638.9466089794878,
        "stddev": 117.83597659780531
      },
      "all_times": [
        980.4465273749083,
        752.545290667098,
        729.4133378330152,
        671.5116304999683,
        622.6773164169863,
        650.6558787499089,
        610.9689266248606,
        627.2373392090667,
        626.0964645838831,
        568.2853973750025
      ],
      "errors": null
    }
  ]
}