{
  "algorithm": "preflow_push",
  "graph_type": "fixeddegree",
  "results": [
    {
      "graph_file": "100v-50out-1min-1000max.txt",
      "num_vertices": 102,
      "num_edges": 5100,
      "max_flow": 22267,
      "num_successful_runs": 10,
      "num_failed_runs": 0,
      "statistics": {
        "min": 0.5165443329606205,
        "max": 0.8105425829999149,
        "mean": 0.6112240500049666,
        "median": 0.6045705829747021,
        "stddev": 0.08033778010977752
      },
      "all_times": [
        0.8105425829999149,
        0.6273293751291931,
        0.5839720000512898,
        0.5566180420573801,
        0.6184830421116203,
        0.5908785830251873,
        0.5165443329606205,
        0.5481354589574039,
        0.6414744998328388,
        0.618262582924217
      ],
      "errors": null
    },
    {
      "graph_file": "150v-50out-1min-1000max.txt",
      "num_vertices": 152,
      "num_edges": 7600,
      "max_flow": 25464,
      "num_successful_runs": 10,
      "num_failed_runs": 0,
      "statistics": {
        "min": 1.0742819581646472,
        "max": 1.7454727918375283,
        "mean": 1.289179583126679,
        "median": 1.1789785625878721,
        "stddev": 0.2478391940477261
      },
      "all_times": [
        1.7454727918375283,
        1.5662549999542534,
        1.364900958025828,
        1.53849379112944,
        1.1808772911317647,
        1.1770798340439796,
        1.0855468749068677,
        1.0742819581646472,
        1.0754752911161631,
        1.0834120409563184
      ],
      "errors": null
    },
    {
      "graph_file": "200v-50out-1min-1000max.txt",
      "num_vertices": 202,
      "num_edges": 10100,
      "max_flow": 25996,
      "num_successful_runs": 10,
      "num_failed_runs": 0,
      "statistics": {
        "min": 0.089059374993667,
        "max": 0.1895778749603778,
        "mean": 0.11635992920491844,
        "median": 0.11424466699827462,
        "stddev": 0.028853339133065155
      },
      "all_times": [
        0.12232233304530382,
        0.1895778749603778,
        0.089059374993667,
        0.10986037505790591,
        0.12149758310988545,
        0.09194754203781486,
        0.09823583299294114,
        0.11862895893864334,
        0.12348475004546344,
        0.09898466686718166
      ],
      "errors": null
    },
    {
      "graph_file": "250v-50out-1min-1000max.txt",
      "num_vertices": 252,
      "num_edges": 12600,
      "max_flow": 25578,
      "num_successful_runs": 10,
      "num_failed_runs": 0,
      "statistics": {
        "min": 0.09133916697464883,
        "max": 0.19903604197315872,
        "mean": 0.12226696670986711,
        "median": 0.11733281298074871,
        "stddev": 0.030219933371230027
      },
      "all_times": [
        0.12911470793187618,
        0.19903604197315872,
        0.09471037518233061,
        0.1318214579951018,
        0.09133916697464883,
        0.11878491705283523,
        0.11303041712380946,
        0.12477183295413852,
        0.1158807089086622,
        0.10418004100210965
      ],
      "errors": null
    },
    {
      "graph_file": "75v-50out-1min-1000max.txt",
      "num_vertices": 77,
      "num_edges": 3850,
      "max_flow": 23121,
      "num_successful_runs": 10,
      "num_failed_runs": 0,
      "statistics": {
        "min": 0.30244416696950793,
        "max": 0.44471525005064905,
        "mean": 0.3529129625763744,
        "median": 0.34354658355005085,
        "stddev": 0.04275021582614401
      },
      "all_times": [
        0.44471525005064905,
        0.39847533288411796,
        0.35562083311378956,
        0.3653928339481354,
        0.32863841694779694,
        0.3142178328707814,
        0.30244416696950793,
        0.32776649994775653,
        0.3603861250448972,
        0.33147233398631215
      ],
      "errors": null
    }
  ]
}