{
  "algorithm": "ford_fulkerson",
  "graph_type": "random",
  "results": [
    {
      "graph_file": "1000v-30d-1min-1000max.txt",
      "num_vertices": 1001,
      "num_edges": 298712,
      "max_flow": 141504,
      "num_successful_runs": 10,
      "num_failed_runs": 0,
      "statistics": {
        "min": 2.474711458897218,
        "max": 3.5217017089016736,
        "mean": 3.091385070909746,
        "median": 3.184284375049174,
        "stddev": 0.31344804745610333
      },
      "all_times": [
        3.3945628330111504,
        3.221389500191435,
        3.286789125064388,
        3.5217017089016736,
        3.2048275840934366,
        3.163741166004911,
        2.972527624806389,
        2.766341583104804,
        2.9072581250220537,
        2.474711458897218
      ],
      "errors": null
    },
    {
      "graph_file": "100v-30d-1min-1000max.txt",
      "num_vertices": 101,
      "num_edges": 2947,
      "max_flow": 11745,
      "num_successful_runs": 10,
      "num_failed_runs": 0,
      "statistics": {
        "min": 0.058590374886989594,
        "max": 0.10583820892497897,
        "mean": 0.08043052081484348,
        "median": 0.0828961250372231,
        "stddev": 0.014237094966882174
      },
      "all_times": [
        0.07268529199063778,
        0.08693241607397795,
        0.09154658298939466,
        0.08841808303259313,
        0.058590374886989594,
        0.10583820892497897,
        0.06242670910432935,
        0.07207529107108712,
        0.08116775006055832,
        0.08462450001388788
      ],
      "errors": null
    },
    {
      "graph_file": "1250v-30d-1min-1000max.txt",
      "num_vertices": 1251,
      "num_edges": 467890,
      "max_flow": 182410,
      "num_successful_runs": 10,
      "num_failed_runs": 0,
      "statistics": {
        "min": 3.484061707975343,
        "max": 6.448764083907008,
        "mean": 4.922638741671108,
        "median": 4.781535104382783,
        "stddev": 1.0743329209909156
      },
      "all_times": [
        6.448764083907008,
        6.390445875003934,
        5.882502250140533,
        5.327284000115469,
        5.159171416889876,
        4.152420833008364,
        4.40389879187569,
        4.1983068329282105,
        3.7795316248666495,
        3.484061707975343
      ],
      "errors": null
    },
    {
      "graph_file": "1500v-30d-1min-1000max.txt",
      "num_vertices": 1501,
      "num_edges": 672543,
      "max_flow": 228726,
      "num_successful_runs": 10,
      "num_failed_runs": 0,
      "statistics": {
        "min": 5.1753978750202805,
        "max": 9.430943125160411,
        "mean": 6.610924554336816,
        "median": 5.925383292022161,
        "stddev": 1.6654990796642613
      },
      "all_times": [
        9.430943125160411,
        9.199020417174324,
        8.056300041032955,
        6.5069808340631425,
        6.036279208958149,
        5.814487375086173,
        5.2621690419036895,
        5.2636909580323845,
        5.363976666936651,
        5.1753978750202805
      ],
      "errors": null
    },
    {
      "graph_file": "200v-30d-1min-1000max.txt",
      "num_vertices": 201,
      "num_edges": 12206,
      "max_flow": 33735,
      "num_successful_runs": 10,
      "num_failed_runs": 0,
      "statistics": {
        "min": 0.09458079212345183,
        "max": 0.20638262503780425,
        "mean": 0.1413107791915536,
        "median": 0.13590749993454665,
        "stddev": 0.029329355233124133
      },
      "all_times": [
        0.12240141700021923,
        0.13589920802041888,
        0.1562678338959813,
        0.15173858287744224,
        0.15507370815612376,
        0.20638262503780425,
        0.13591579184867442,
        0.09458079212345183,
        0.12784058297984302,
        0.127007249975577
      ],
      "errors": null
    },
    {
      "graph_file": "400v-30d-1min-1000max.txt",
      "num_vertices": 401,
      "num_edges": 47271,
      "max_flow": 61185,
      "num_successful_runs": 10,
      "num_failed_runs": 0,
      "statistics": {
        "min": 0.3004417079500854,
        "max": 0.35887187509797513,
        "mean": 0.3300353290978819,
        "median": 0.32947066705673933,
        "stddev": 0.01939044769913908
      },
      "all_times": [
        0.3348319160286337,
        0.3004417079500854,
        0.34194304095581174,
        0.35887187509797513,
        0.3585112080909312,
        0.31396620790474117,
        0.33363333414308727,
        0.32071245880797505,
        0.3253079999703914,
        0.3121335420291871
      ],
      "errors": null
    },
    {
      "graph_file": "600v-30d-1min-1000max.txt",
      "num_vertices": 601,
      "num_edges": 107589,
      "max_flow": 89375,
      "num_successful_runs": 10,
      "num_failed_runs": 0,
      "statistics": {
        "min": 0.5902163330465555,
        "max": 0.8275792088825256,
        "mean": 0.7079738539876417,
        "median": 0.7200055205030367,
        "stddev": 0.06774666288499168
      },
      "all_times": [
        0.5902163330465555,
        0.6887359581887722,
        0.707679915940389,
        0.6612205829005688,
        0.7363603338599205,
        0.8275792088825256,
        0.7647619158960879,
        0.7323311250656843,
        0.6357402910944074,
        0.735112875001505
      ],
      "errors": null
    },
    {
      "graph_file": "800v-30d-1min-1000max.txt",
      "num_vertices": 801,
      "num_edges": 191043,
      "max_flow": 113742,
      "num_successful_runs": 10,
      "num_failed_runs": 0,
      "statistics": {
        "min": 1.3875386659055948,
        "max": 1.9073055419139564,
        "mean": 1.5797161208000035,
        "median": 1.5424118334194645,
        "stddev": 0.15817413132549307
      },
      "all_times": [
        1.9073055419139564,
        1.7324377500917763,
        1.6430087501648813,
        1.6456675410736352,
        1.6012530839070678,
        1.475730499951169,
        1.4499447499401867,
        1.4835705829318613,
        1.4707040421199054,
        1.3875386659055948
      ],
      "errors": null
    }
  ]
}