{
  "algorithm": "ford_fulkerson",
  "graph_type": "random",
  "results": [
    {
      "graph_file": "100v-60d-1min-1000max.txt",
      "num_vertices": 101,
      "num_edges": 5856,
      "max_flow": 25069,
      "num_successful_runs": 10,
      "num_failed_runs": 0,
      "statistics": {
        "min": 0.06674400018528104,
        "max": 0.10946145909838378,
        "mean": 0.09022706672549248,
        "median": 0.08877493755426258,
        "stddev": 0.012894527357878624
      },
      "all_times": [
        0.09649012493900955,
        0.10174612491391599,
        0.10946145909838378,
        0.08535387506708503,
        0.08592554205097258,
        0.09162433305755258,
        0.08410108298994601,
        0.10308662499301136,
        0.06674400018528104,
        0.07773749995976686
      ],
      "errors": null
    },
    {
      "graph_file": "150v-60d-1min-1000max.txt",
      "num_vertices": 151,
      "num_edges": 13404,
      "max_flow": 45629,
      "num_successful_runs": 10,
      "num_failed_runs": 0,
      "statistics": {
        "min": 0.10333824995905161,
        "max": 0.18870824994519353,
        "mean": 0.1329387168167159,
        "median": 0.12412858358584344,
        "stddev": 0.028717631076441246
      },
      "all_times": [
        0.15050199977122247,
        0.18870824994519353,
        0.1598582500591874,
        0.11964600021019578,
        0.15191712509840727,
        0.1286111669614911,
        0.11773320916108787,
        0.10340191703289747,
        0.10567099996842444,
        0.10333824995905161
      ],
      "errors": null
    },
    {
      "graph_file": "200v-60d-1min-1000max.txt",
      "num_vertices": 201,
      "num_edges": 23608,
      "max_flow": 54830,
      "num_successful_runs": 10,
      "num_failed_runs": 0,
      "statistics": {
        "min": 0.11614262498915195,
        "max": 0.2001808329951018,
        "mean": 0.14938019160181285,
        "median": 0.1449856455437839,
        "stddev": 0.031613446291726736
      },
      "all_times": [
        0.19295112509280443,
        0.2001808329951018,
        0.17146954196505249,
        0.16184949991293252,
        0.1545634160283953,
        0.1354078750591725,
        0.11687079188413918,
        0.11614262498915195,
        0.12005191599018872,
        0.1243142921011895
      ],
      "errors": null
    },
    {
      "graph_file": "250v-60d-1min-1000max.txt",
      "num_vertices": 251,
      "num_edges": 37347,
      "max_flow": 60628,
      "num_successful_runs": 10,
      "num_failed_runs": 0,
      "statistics": {
        "min": 0.13863641605712473,
        "max": 0.26176529191434383,
        "mean": 0.1742251582443714,
        "median": 0.16094116657041013,
        "stddev": 0.03999535669690876
      },
      "all_times": [
        0.26176529191434383,
        0.1990607911720872,
        0.21118287509307265,
        0.1818638751283288,
        0.1582604581490159,
        0.1490376670844853,
        0.16362187499180436,
        0.13924849987961352,
        0.13863641605712473,
        0.13957383297383785
      ],
      "errors": null
    },
    {
      "graph_file": "50v-60d-1min-1000max.txt",
      "num_vertices": 51,
      "num_edges": 1437,
      "max_flow": 12729,
      "num_successful_runs": 10,
      "num_failed_runs": 0,
      "statistics": {
        "min": 0.04816174996085465,
        "max": 0.07441575010307133,
        "mean": 0.05738408782053739,
        "median": 0.05755554197821766,
        "stddev": 0.008023355794079397
      },
      "all_times": [
        0.07441575010307133,
        0.05052858404815197,
        0.04816174996085465,
        0.05666654207743704,
        0.06350220902822912,
        0.058609917061403394,
        0.05844454187899828,
        0.06213333294726908,
        0.05218366696499288,
        0.049194584134966135
      ],
      "errors": null
    },
    {
      "graph_file": "75v-60d-1min-1000max.txt",
      "num_vertices": 76,
      "num_edges": 3251,
      "max_flow": 17155,
      "num_successful_runs": 10,
      "num_failed_runs": 0,
      "statistics": {
        "min": 0.04940804117359221,
        "max": 0.07278983411379158,
        "mean": 0.0587789082666859,
        "median": 0.055410770466551185,
        "stddev": 0.007860819505855541
      },
      "all_times": [
        0.07278983411379158,
        0.06886562518775463,
        0.05302329198457301,
        0.054750290932133794,
        0.04940804117359221,
        0.056071250000968575,
        0.062413041945546865,
        0.05322262505069375,
        0.06451554107479751,
        0.0527295412030071
      ],
      "errors": null
    }
  ]
}