{
  "algorithm": "ford_fulkerson",
  "graph_type": "mesh",
  "results": [
    {
      "graph_file": "100r-100c-10cap-const.txt",
      "num_vertices": 10002,
      "num_edges": 29900,
      "max_flow": 1000,
      "num_successful_runs": 10,
      "num_failed_runs": 0,
      "statistics": {
        "min": 0.5073185830842704,
        "max": 0.6125682080164552,
        "mean": 0.5448265747865662,
        "median": 0.5287462079431862,
        "stddev": 0.037441005831773365
      },
      "all_times": [
        0.5111610831227154,
        0.5149719999171793,
        0.5073185830842704,
        0.556034917011857,
        0.5185314158443362,
        0.586215625051409,
        0.5316118330229074,
        0.525880582863465,
        0.5839714999310672,
        0.6125682080164552
      ],
      "errors": null
    },
    {
      "graph_file": "125r-125c-10cap-const.txt",
      "num_vertices": 15627,
      "num_edges": 46750,
      "max_flow": 1250,
      "num_successful_runs": 10,
      "num_failed_runs": 0,
      "statistics": {
        "min": 0.9832613340113312,
        "max": 1.4606532498728484,
        "mean": 1.1447893084725365,
        "median": 1.133147333515808,
        "stddev": 0.13117679858727777
      },
      "all_times": [
        0.9832613340113312,
        1.0760534999426454,
        1.13481262489222,
        1.2202727920375764,
        1.0643037089612335,
        1.131482042139396,
        1.1715906250756234,
        1.4606532498728484,
        1.0412014168687165,
        1.1642617909237742
      ],
      "errors": null
    },
    {
      "graph_file": "150r-150c-10cap-const.txt",
      "num_vertices": 22502,
      "num_edges": 67350,
      "max_flow": 1500,
      "num_successful_runs": 10,
      "num_failed_runs": 0,
      "statistics": {
        "min": 1.7458724998869002,
        "max": 2.3096424168907106,
        "mean": 2.028821879182942,
        "median": 2.0176482920069247,
        "stddev": 0.18892108010449252
      },
      "all_times": [
        1.7914447500370443,
        2.0030167079530656,
        2.023766500176862,
        2.050578915979713,
        2.3096424168907106,
        2.1414627919439226,
        2.305521999951452,
        2.0115300838369876,
        1.905382125172764,
        1.7458724998869002
      ],
      "errors": null
    },
    {
      "graph_file": "200r-200c-10cap-const.txt",
      "num_vertices": 40002,
      "num_edges": 119800,
      "max_flow": 2000,
      "num_successful_runs": 10,
      "num_failed_runs": 0,
      "statistics": {
        "min": 3.007273083087057,
        "max": 5.957216749899089,
        "mean": 4.288452654145658,
        "median": 3.932289271033369,
        "stddev": 1.0446433245262068
      },
      "all_times": [
        5.230339667061344,
        5.957216749899089,
        5.765960874967277,
        4.51209745882079,
        4.080533667001873,
        3.7700309169013053,
        3.7840448750648648,
        3.5993797078263015,
        3.1776495408266783,
        3.007273083087057
      ],
      "errors": null
    },
    {
      "graph_file": "20r-20c-10cap-const.txt",
      "num_vertices": 402,
      "num_edges": 1180,
      "max_flow": 200,
      "num_successful_runs": 10,
      "num_failed_runs": 0,
      "statistics": {
        "min": 0.046391749987378716,
        "max": 0.06931579206138849,
        "mean": 0.06100804579909891,
        "median": 0.06314972892869264,
        "stddev": 0.007826405918485784
      },
      "all_times": [
        0.046391749987378716,
        0.05281820800155401,
        0.05278791696764529,
        0.06156437494792044,
        0.06057458417490125,
        0.06666574999690056,
        0.06800916604697704,
        0.06473508290946484,
        0.06721783289685845,
        0.06931579206138849
      ],
      "errors": null
    },
    {
      "graph_file": "40r-40c-10cap-const.txt",
      "num_vertices": 1602,
      "num_edges": 4760,
      "max_flow": 400,
      "num_successful_runs": 10,
      "num_failed_runs": 0,
      "statistics": {
        "min": 0.06867408286780119,
        "max": 0.12250879220664501,
        "mean": 0.09489324162714183,
        "median": 0.09589597897138447,
        "stddev": 0.015851429512701482
      },
      "all_times": [
        0.0930136248935014,
        0.08433920913375914,
        0.10313754086382687,
        0.12250879220664501,
        0.10203437507152557,
        0.08083287510089576,
        0.11099195806309581,
        0.08462162502110004,
        0.06867408286780119,
        0.09877833304926753
      ],
      "errors": null
    },
    {
      "graph_file": "60r-60c-10cap-const.txt",
      "num_vertices": 3602,
      "num_edges": 10740,
      "max_flow": 600,
      "num_successful_runs": 10,
      "num_failed_runs": 0,
      "statistics": {
        "min": 0.1439205000642687,
        "max": 0.22592729213647544,
        "mean": 0.16534923336002977,
        "median": 0.15716977056581527,
        "stddev": 0.025972403724408042
      },
      "all_times": [
        0.16962275002151728,
        0.1625194160733372,
        0.15087158302776515,
        0.14620654215104878,
        0.1648415420204401,
        0.1439205000642687,
        0.14509433298371732,
        0.19266825006343424,
        0.15182012505829334,
        0.22592729213647544
      ],
      "errors": null
    },
    {
      "graph_file": "80r-80c-10cap-const.txt",
      "num_vertices": 6402,
      "num_edges": 19120,
      "max_flow": 800,
      "num_successful_runs": 10,
      "num_failed_runs": 0,
      "statistics": {
        "min": 0.2546034168917686,
        "max": 0.3440197079908103,
        "mean": 0.29194882498122754,
        "median": 0.28915612504351884,
        "stddev": 0.026852225592524197
      },
      "all_times": [
        0.29694245802238584,
        0.29865770880132914,
        0.28381283301860094,
        0.3440197079908103,
        0.3266561250202358,
        0.2734034159220755,
        0.2753807089757174,
        0.29449941706843674,
        0.27151245810091496,
        0.2546034168917686
      ],
      "errors": null
    }
  ]
}