{
  "algorithm": "scaling_ford_fulkerson",
  "graph_type": "bipartite",
  "results": [
    {
      "graph_file": "100s-100t-05p-1min-1000max.txt",
      "num_vertices": 202,
      "num_edges": 5212,
      "max_flow": 43384,
      "num_successful_runs": 10,
      "num_failed_runs": 0,
      "statistics": {
        "min": 0.07169745792634785,
        "max": 0.1983477920293808,
        "mean": 0.10499420401174575,
        "median": 0.0974564163479954,
        "stddev": 0.03763108315727735
      },
      "all_times": [
        0.1983477920293808,
        0.10881916689686477,
        0.0815765829756856,
        0.08444374985992908,
        0.09869287488982081,
        0.13408683286979795,
        0.07393520791083574,
        0.07169745792634785,
        0.09621995780616999,
        0.10212241695262492
      ],
      "errors": null
    },
    {
      "graph_file": "200s-200t-05p-1min-1000max.txt",
      "num_vertices": 402,
      "num_edges": 20509,
      "max_flow": 96982,
      "num_successful_runs": 10,
      "num_failed_runs": 0,
      "statistics": {
        "min": 0.24982316582463682,
        "max": 0.3861934170126915,
        "mean": 0.2975837790640071,
        "median": 0.29173545842058957,
        "stddev": 0.04870149322374924
      },
      "all_times": [
        0.37022224999964237,
        0.29438124992884696,
        0.3861934170126915,
        0.2508817908819765,
        0.2615196672268212,
        0.32317937491461635,
        0.2899327918421477,
        0.25616595800966024,
        0.24982316582463682,
        0.2935381249990314
      ],
      "errors": null
    },
    {
      "graph_file": "300s-300t-05p-1min-1000max.txt",
      "num_vertices": 602,
      "num_edges": 45532,
      "max_flow": 145336,
      "num_successful_runs": 10,
      "num_failed_runs": 0,
      "statistics": {
        "min": 0.636606833897531,
        "max": 0.9032244158443063,
        "mean": 0.7273521832656116,
        "median": 0.7083116874564439,
        "stddev": 0.08062612266344034
      },
      "all_times": [
        0.9032244158443063,
        0.8138115000911057,
        0.6677183751016855,
        0.743416499812156,
        0.7039095000363886,
        0.7127138748764992,
        0.636606833897531,
        0.7522420000750571,
        0.6760272500105202,
        0.6638515829108655
      ],
      "errors": null
    },
    {
      "graph_file": "400s-400t-05p-1min-1000max.txt",
      "num_vertices": 802,
      "num_edges": 80460,
      "max_flow": 194060,
      "num_successful_runs": 10,
      "num_failed_runs": 0,
      "statistics": {
        "min": 1.1728186251129955,
        "max": 1.6552130000200123,
        "mean": 1.32029097082559,
        "median": 1.258958562510088,
        "stddev": 0.17974179557478762
      },
      "all_times": [
        1.6552130000200123,
        1.2322357909288257,
        1.1989000830799341,
        1.2910132501274347,
        1.1810809168964624,
        1.1728186251129955,
        1.6216971250250936,
        1.3800168330781162,
        1.184252749895677,
        1.2856813340913504
      ],
      "errors": null
    },
    {
      "graph_file": "500s-500t-05p-1min-1000max.txt",
      "num_vertices": 1002,
      "num_edges": 126084,
      "max_flow": 235464,
      "num_successful_runs": 10,
      "num_failed_runs": 0,
      "statistics": {
        "min": 1.7172690839506686,
        "max": 2.3283015419729054,
        "mean": 2.077723821089603,
        "median": 2.0970692505361512,
        "stddev": 0.19321647030340433
      },
      "all_times": [
        2.3283015419729054,
        2.0732498748693615,
        2.1025895420461893,
        2.2371984170749784,
        2.2438318750355393,
        2.065172583097592,
        2.091548959026113,
        2.1338137919083238,
        1.7842625419143587,
        1.7172690839506686
      ],
      "errors": null
    },
    {
      "graph_file": "50s-50t-05p-1min-1000max.txt",
      "num_vertices": 102,
      "num_edges": 1331,
      "max_flow": 23224,
      "num_successful_runs": 10,
      "num_failed_runs": 0,
      "statistics": {
        "min": 0.05929037486203015,
        "max": 0.14450395782478154,
        "mean": 0.08281679167412222,
        "median": 0.07987697946373373,
        "stddev": 0.025978286465955337
      },
      "all_times": [
        0.14450395782478154,
        0.07546204188838601,
        0.089006916154176,
        0.06650454201735556,
        0.0624310418497771,
        0.0844327500090003,
        0.10269108414649963,
        0.08429191703908145,
        0.05929037486203015,
        0.0595532909501344
      ],
      "errors": null
    },
    {
      "graph_file": "600s-600t-05p-1min-1000max.txt",
      "num_vertices": 1202,
      "num_edges": 181708,
      "max_flow": 288785,
      "num_successful_runs": 10,
      "num_failed_runs": 0,
      "statistics": {
        "min": 2.3963293328415602,
        "max": 4.2371347500011325,
        "mean": 3.3653445581905546,
        "median": 3.3443796664942056,
        "stddev": 0.7249794262032808
      },
      "all_times": [
        4.009642333025113,
        4.2371347500011325,
        4.124196958029643,
        4.094305458012968,
        3.5186252500861883,
        3.170134082902223,
        2.955067167058587,
        2.6893772499170154,
        2.3963293328415602,
        2.4586330000311136
      ],
      "errors": null
    },
    {
      "graph_file": "800s-800t-05p-1min-1000max.txt",
      "num_vertices": 1602,
      "num_edges": 321677,
      "max_flow": 390404,
      "num_successful_runs": 10,
      "num_failed_runs": 0,
      "statistics": {
        "min": 4.807502083014697,
        "max": 9.478353749960661,
        "mean": 6.137282904330641,
        "median": 5.384709354606457,
        "stddev": 1.7055028248087472
      },
      "all_times": [
        9.478353749960661,
        8.787246917141601,
        7.008084292057902,
        5.566616917029023,
        5.371872209012508,
        5.397546500200406,
        4.979105666978285,
        5.102997791022062,
        4.873502916889265,
        4.807502083014697
      ],
      "errors": null
    }
  ]
}