{
  "algorithm": "ford_fulkerson",
  "graph_type": "fixeddegree",
  "results": [
    {
      "graph_file": "1000v-30out-1min-1000max.txt",
      "num_vertices": 1002,
      "num_edges": 30060,
      "max_flow": 16189,
      "num_successful_runs": 10,
      "num_failed_runs": 0,
      "statistics": {
        "min": 0.1305529170203954,
        "max": 0.2645213750656694,
        "mean": 0.17742000001017005,
        "median": 0.17111416696570814,
        "stddev": 0.035027129686506335
      },
      "all_times": [
        0.18986087501980364,
        0.150680375052616,
        0.1653454159386456,
        0.18304400006309152,
        0.1305529170203954,
        0.1812863750383258,
        0.1666803329717368,
        0.17013920890167356,
        0.17208912502974272,
        0.2645213750656694
      ],
      "errors": null
    },
    {
      "graph_file": "100v-30out-1min-1000max.txt",
      "num_vertices": 102,
      "num_edges": 3060,
      "max_flow": 13370,
      "num_successful_runs": 10,
      "num_failed_runs": 0,
      "statistics": {
        "min": 0.04623833391815424,
        "max": 0.10356941702775657,
        "mean": 0.0736180376727134,
        "median": 0.07078893738798797,
        "stddev": 0.016759981361525938
      },
      "all_times": [
        0.08010387513786554,
        0.08874620799906552,
        0.07411054195836186,
        0.056886292062699795,
        0.04623833391815424,
        0.06746733281761408,
        0.10356941702775657,
        0.06657441705465317,
        0.08694254187867045,
        0.06554141687229276
      ],
      "errors": null
    },
    {
      "graph_file": "1500v-30out-1min-1000max.txt",
      "num_vertices": 1502,
      "num_edges": 45060,
      "max_flow": 14829,
      "num_successful_runs": 10,
      "num_failed_runs": 0,
      "statistics": {
        "min": 0.19683791580609977,
        "max": 0.3369919159449637,
        "mean": 0.24584602918475867,
        "median": 0.23091920849401504,
        "stddev": 0.04983503948384072
      },
      "all_times": [
        0.273526499979198,
        0.20021741720847785,
        0.233944125007838,
        0.21069037495180964,
        0.22789429198019207,
        0.19683791580609977,
        0.21136904205195606,
        0.32267941697500646,
        0.3369919159449637,
        0.2443092919420451
      ],
      "errors": null
    },
    {
      "graph_file": "2000v-30out-1min-1000max.txt",
      "num_vertices": 2002,
      "num_edges": 60060,
      "max_flow": 13977,
      "num_successful_runs": 10,
      "num_failed_runs": 0,
      "statistics": {
        "min": 0.30160545790567994,
        "max": 0.5731860420200974,
        "mean": 0.4028338835341856,
        "median": 0.3604396041482687,
        "stddev": 0.10056889675096041
      },
      "all_times": [
        0.31526516703888774,
        0.33586266706697643,
        0.34000983415171504,
        0.3744461671449244,
        0.48594516585581005,
        0.346433041151613,
        0.30160545790567994,
        0.5731860420200974,
        0.3955504591576755,
        0.5600348338484764
      ],
      "errors": null
    },
    {
      "graph_file": "2500v-30out-1min-1000max.txt",
      "num_vertices": 2502,
      "num_edges": 75060,
      "max_flow": 13994,
      "num_successful_runs": 10,
      "num_failed_runs": 0,
      "statistics": {
        "min": 0.3469437500461936,
        "max": 0.6283415828365833,
        "mean": 0.45714401237200947,
        "median": 0.45276583335362375,
        "stddev": 0.08706682256392072
      },
      "all_times": [
        0.3632326249498874,
        0.3896249998360872,
        0.5096257501281798,
        0.5032755411230028,
        0.41282566683366895,
        0.3469437500461936,
        0.6283415828365833,
        0.41130645805969834,
        0.5135577500332147,
        0.49270599987357855
      ],
      "errors": null
    },
    {
      "graph_file": "250v-30out-1min-1000max.txt",
      "num_vertices": 252,
      "num_edges": 7560,
      "max_flow": 13107,
      "num_successful_runs": 10,
      "num_failed_runs": 0,
      "statistics": {
        "min": 0.06482120789587498,
        "max": 0.13577449996955693,
        "mean": 0.09766017880756409,
        "median": 0.09313922852743417,
        "stddev": 0.02227804750516928
      },
      "all_times": [
        0.08559424988925457,
        0.08244354114867747,
        0.09221241599880159,
        0.12116954103112221,
        0.09406604105606675,
        0.06482120789587498,
        0.0781427500769496,
        0.10078904102556407,
        0.12158849998377264,
        0.13577449996955693
      ],
      "errors": null
    },
    {
      "graph_file": "3000v-30out-1min-1000max.txt",
      "num_vertices": 3002,
      "num_edges": 90060,
      "max_flow": 14613,
      "num_successful_runs": 10,
      "num_failed_runs": 0,
      "statistics": {
        "min": 0.39121108292602,
        "max": 0.6962297500576824,
        "mean": 0.567152091814205,
        "median": 0.5707408334128559,
        "stddev": 0.1005579392305244
      },
      "all_times": [
        0.5636235419660807,
        0.4941654580179602,
        0.39121108292602,
        0.6962297500576824,
        0.5778581248596311,
        0.4936149171553552,
        0.6384107919875532,
        0.6586235000286251,
        0.6758674171287566,
        0.48191633401438594
      ],
      "errors": null
    },
    {
      "graph_file": "500v-30out-1min-1000max.txt",
      "num_vertices": 502,
      "num_edges": 15060,
      "max_flow": 15046,
      "num_successful_runs": 10,
      "num_failed_runs": 0,
      "statistics": {
        "min": 0.094898333074525,
        "max": 0.2252394170500338,
        "mean": 0.12989878731314092,
        "median": 0.12626625050324947,
        "stddev": 0.03621257025481425
      },
      "all_times": [
        0.13186008320190012,
        0.10236995783634484,
        0.13606045790947974,
        0.10676479106768966,
        0.12960154097527266,
        0.1295187920331955,
        0.094898333074525,
        0.12301370897330344,
        0.11966079100966454,
        0.2252394170500338
      ],
      "errors": null
    }
  ]
}