{
  "algorithm": "scaling_ford_fulkerson",
  "graph_type": "random",
  "results": [
    {
      "graph_file": "1000v-30d-1min-1000max.txt",
      "num_vertices": 1001,
      "num_edges": 298712,
      "max_flow": 141504,
      "num_successful_runs": 10,
      "num_failed_runs": 0,
      "statistics": {
        "min": 1.5795329590328038,
        "max": 2.892896416131407,
        "mean": 2.08622863329947,
        "median": 2.0269438329851255,
        "stddev": 0.3942623383635899
      },
      "all_times": [
        2.892896416131407,
        2.2305972911417484,
        2.3967822501435876,
        2.3366274589207023,
        2.057971708010882,
        1.9959159579593688,
        1.7767854589037597,
        1.939380541909486,
        1.6557962908409536,
        1.5795329590328038
      ],
      "errors": null
    },
    {
      "graph_file": "100v-30d-1min-1000max.txt",
      "num_vertices": 101,
      "num_edges": 2947,
      "max_flow": 11745,
      "num_successful_runs": 10,
      "num_failed_runs": 0,
      "statistics": {
        "min": 0.05185879091732204,
        "max": 0.09555908292531967,
        "mean": 0.06552810408174992,
        "median": 0.06177906203083694,
        "stddev": 0.014091522705206867
      },
      "all_times": [
        0.06756550003774464,
        0.08094879193231463,
        0.05482183396816254,
        0.054281583055853844,
        0.05185879091732204,
        0.06169895804487169,
        0.053917499957606196,
        0.06185916601680219,
        0.07276983396150172,
        0.09555908292531967
      ],
      "errors": null
    },
    {
      "graph_file": "1250v-30d-1min-1000max.txt",
      "num_vertices": 1251,
      "num_edges": 467890,
      "max_flow": 182410,
      "num_successful_runs": 10,
      "num_failed_runs": 0,
      "statistics": {
        "min": 1.9766881670802832,
        "max": 3.5942093750927597,
        "mean": 2.6415736831724645,
        "median": 2.5113445203751326,
        "stddev": 0.6026362127940029
      },
      "all_times": [
        3.5942093750927597,
        3.447320417035371,
        3.210465915966779,
        2.7974407919682562,
        2.596100915921852,
        2.426588124828413,
        2.329811542062089,
        2.019113790942356,
        2.0179977908264846,
        1.9766881670802832
      ],
      "errors": null
    },
    {
      "graph_file": "1500v-30d-1min-1000max.txt",
      "num_vertices": 1501,
      "num_edges": 672543,
      "max_flow": 228726,
      "num_successful_runs": 10,
      "num_failed_runs": 0,
      "statistics": {
        "min": 2.672437542118132,
        "max": 4.9346351670101285,
        "mean": 3.402066200133413,
        "median": 2.997894770349376,
        "stddev": 0.8490678610070873
      },
      "all_times": [
        4.9346351670101285,
        4.723600959172472,
        3.893090542173013,
        3.5264045000076294,
        3.114156749797985,
        2.7945501659996808,
        2.7891836671624333,
        2.672437542118132,
        2.6909699169918895,
        2.881632790900767
      ],
      "errors": null
    },
    {
      "graph_file": "200v-30d-1min-1000max.txt",
      "num_vertices": 201,
      "num_edges": 12206,
      "max_flow": 33735,
      "num_successful_runs": 10,
      "num_failed_runs": 0,
      "statistics": {
        "min": 0.07954362500458956,
        "max": 0.1517209589947015,
        "mean": 0.11615983743686228,
        "median": 0.11312733311206102,
        "stddev": 0.02464393978547083
      },
      "all_times": [
        0.13747483305633068,
        0.14059495809487998,
        0.11100195813924074,
        0.1369499999564141,
        0.10023537511005998,
        0.08575216610915959,
        0.07954362500458956,
        0.1152527080848813,
        0.1517209589947015,
        0.10307179181836545
      ],
      "errors": null
    },
    {
      "graph_file": "400v-30d-1min-1000max.txt",
      "num_vertices": 401,
      "num_edges": 47271,
      "max_flow": 61185,
      "num_successful_runs": 10,
      "num_failed_runs": 0,
      "statistics": {
        "min": 0.20183679112233222,
        "max": 0.26417483296245337,
        "mean": 0.23252809166442603,
        "median": 0.23618058336433023,
        "stddev": 0.019816907235101735
      },
      "all_times": [
        0.2389608749654144,
        0.26417483296245337,
        0.20183679112233222,
        0.23646124987863004,
        0.24178670905530453,
        0.253828041953966,
        0.2275522919371724,
        0.22097645793110132,
        0.23589991685003042,
        0.20380374998785555
      ],
      "errors": null
    },
    {
      "graph_file": "600v-30d-1min-1000max.txt",
      "num_vertices": 601,
      "num_edges": 107589,
      "max_flow": 89375,
      "num_successful_runs": 10,
      "num_failed_runs": 0,
      "statistics": {
        "min": 0.39523324999026954,
        "max": 0.4769252920523286,
        "mean": 0.44551934183109554,
        "median": 0.4531157505698502,
        "stddev": 0.026892158902314518
      },
      "all_times": [
        0.4769252920523286,
        0.46514700003899634,
        0.46431383304297924,
        0.4601698340848088,
        0.4717977079562843,
        0.43343862518668175,
        0.4228656250052154,
        0.4460616670548916,
        0.39523324999026954,
        0.4192405838984996
      ],
      "errors": null
    },
    {
      "graph_file": "800v-30d-1min-1000max.txt",
      "num_vertices": 801,
      "num_edges": 191043,
      "max_flow": 113742,
      "num_successful_runs": 10,
      "num_failed_runs": 0,
      "statistics": {
        "min": 0.8782506668940187,
        "max": 1.162438833154738,
        "mean": 0.9979360665893182,
        "median": 0.9852147499332204,
        "stddev": 0.11186364343640531
      },
      "all_times": [
        1.162438833154738,
        1.1437592080328614,
        1.0485163340345025,
        1.0779699999839067,
        0.9219131658319384,
        1.0580133749172091,
        0.8854775000363588,
        0.8782506668940187,
        0.8877999579999596,
        0.915221625007689
      ],
      "errors": null
    }
  ]
}