{
  "algorithm": "scaling_ford_fulkerson",
  "graph_type": "mesh",
  "results": [
    {
      "graph_file": "100r-100c-10cap-const.txt",
      "num_vertices": 10002,
      "num_edges": 29900,
      "max_flow": 1000,
      "num_successful_runs": 10,
      "num_failed_runs": 0,
      "statistics": {
        "min": 0.5221148328855634,
        "max": 0.8935331250540912,
        "mean": 0.6193902374478057,
        "median": 0.5660663539310917,
        "stddev": 0.11348397102466103
      },
      "all_times": [
        0.5221148328855634,
        0.5696284158620983,
        0.5506307918112725,
        0.6034372500143945,
        0.5625042920000851,
        0.5524575000163168,
        0.8935331250540912,
        0.6655680830590427,
        0.7187529169023037,
        0.5552751668728888
      ],
      "errors": null
    },
    {
      "graph_file": "125r-125c-10cap-const.txt",
      "num_vertices": 15627,
      "num_edges": 46750,
      "max_flow": 1250,
      "num_successful_runs": 10,
      "num_failed_runs": 0,
      "statistics": {
        "min": 1.043451625155285,
        "max": 1.4585132501088083,
        "mean": 1.18774853318464,
        "median": 1.1400659369537607,
        "stddev": 0.14380905888164516
      },
      "all_times": [
        1.043451625155285,
        1.1111790831200778,
        1.4585132501088083,
        1.4007076248526573,
        1.0954801249317825,
        1.1216359159443527,
        1.0494857500307262,
        1.1584959579631686,
        1.2737483747769147,
        1.1647876249626279
      ],
      "errors": null
    },
    {
      "graph_file": "150r-150c-10cap-const.txt",
      "num_vertices": 22502,
      "num_edges": 67350,
      "max_flow": 1500,
      "num_successful_runs": 10,
      "num_failed_runs": 0,
      "statistics": {
        "min": 1.30775525001809,
        "max": 2.4625027501024306,
        "mean": 1.8529317498207092,
        "median": 1.8786449370672926,
        "stddev": 0.36682862905155744
      },
      "all_times": [
        1.9615062910597771,
        2.4625027501024306,
        2.114193083019927,
        2.0333268749527633,
        2.1580016249790788,
        1.746609624940902,
        1.7957835830748081,
        1.6091890831012279,
        1.3404493329580873,
        1.30775525001809
      ],
      "errors": null
    },
    {
      "graph_file": "200r-200c-10cap-const.txt",
      "num_vertices": 40002,
      "num_edges": 119800,
      "max_flow": 2000,
      "num_successful_runs": 10,
      "num_failed_runs": 0,
      "statistics": {
        "min": 2.6477095410227776,
        "max": 5.846026209183037,
        "mean": 3.6416875000111757,
        "median": 3.0091312289005145,
        "stddev": 1.2005654910964731
      },
      "all_times": [
        5.846026209183037,
        5.443154875189066,
        4.6044024580623955,
        3.443894665921107,
        3.0796992499381304,
        2.9385632078628987,
        2.82604437507689,
        2.783633458893746,
        2.8037469589617103,
        2.6477095410227776
      ],
      "errors": null
    },
    {
      "graph_file": "20r-20c-10cap-const.txt",
      "num_vertices": 402,
      "num_edges": 1180,
      "max_flow": 200,
      "num_successful_runs": 10,
      "num_failed_runs": 0,
      "statistics": {
        "min": 0.056545875035226345,
        "max": 0.08941729203797877,
        "mean": 0.07045768338721245,
        "median": 0.06783950002864003,
        "stddev": 0.012241962322389839
      },
      "all_times": [
        0.060107541969046,
        0.056545875035226345,
        0.08141912496648729,
        0.08941729203797877,
        0.06893845787271857,
        0.06674054218456149,
        0.07488345797173679,
        0.05889095785096288,
        0.08753608400002122,
        0.060097499983385205
      ],
      "errors": null
    },
    {
      "graph_file": "40r-40c-10cap-const.txt",
      "num_vertices": 1602,
      "num_edges": 4760,
      "max_flow": 400,
      "num_successful_runs": 10,
      "num_failed_runs": 0,
      "statistics": {
        "min": 0.07877058396115899,
        "max": 0.11247187503613532,
        "mean": 0.09297277494333685,
        "median": 0.09220625006128103,
        "stddev": 0.010436518977003897
      },
      "all_times": [
        0.07877058396115899,
        0.08179508312605321,
        0.08810720802284777,
        0.10343370796181262,
        0.09382404200732708,
        0.09414637507870793,
        0.09058845811523497,
        0.11247187503613532,
        0.10142941609956324,
        0.08516100002452731
      ],
      "errors": null
    },
    {
      "graph_file": "60r-60c-10cap-const.txt",
      "num_vertices": 3602,
      "num_edges": 10740,
      "max_flow": 600,
      "num_successful_runs": 10,
      "num_failed_runs": 0,
      "statistics": {
        "min": 0.14619687502272427,
        "max": 0.2754080411978066,
        "mean": 0.18408550845924765,
        "median": 0.1696633545216173,
        "stddev": 0.04194795481900132
      },
      "all_times": [
        0.17177116684615612,
        0.1585370001848787,
        0.15907975006848574,
        0.154209875036031,
        0.16755554219707847,
        0.18107645795680583,
        0.24288020911626518,
        0.2754080411978066,
        0.18414016696624458,
        0.14619687502272427
      ],
      "errors": null
    },
    {
      "graph_file": "80r-80c-10cap-const.txt",
      "num_vertices": 6402,
      "num_edges": 19120,
      "max_flow": 800,
      "num_successful_runs": 10,
      "num_failed_runs": 0,
      "statistics": {
        "min": 0.26325841690413654,
        "max": 0.4884116661269218,
        "mean": 0.3350785459158942,
        "median": 0.3029878755332902,
        "stddev": 0.06917329906286647
      },
      "all_times": [
        0.3784587911795825,
        0.4884116661269218,
        0.284144083969295,
        0.29898683400824666,
        0.35872495803050697,
        0.39132299995981157,
        0.26325841690413654,
        0.30698891705833375,
        0.2837354170624167,
        0.29675337485969067
      ],
      "errors": null
    }
  ]
}