{
  "algorithm": "preflow_push",
  "graph_type": "mesh",
  "results": [
    {
      "graph_file": "15r-15c-1000cap-const.txt",
      "num_vertices": 227,
      "num_edges": 660,
      "max_flow": 15000,
      "num_successful_runs": 10,
      "num_failed_runs": 0,
      "statistics": {
        "min": 0.057317875092849135,
        "max": 0.09459966607391834,
        "mean": 0.07866912500467152,
        "median": 0.08128864597529173,
        "stddev": 0.012451995744361873
      },
      "all_times": [
        0.09459966607391834,
        0.08110404200851917,
        0.07413750002160668,
        0.07523908303119242,
        0.09292908292263746,
        0.08552004210650921,
        0.057317875092849135,
        0.08454170892946422,
        0.08147324994206429,
        0.059828999917954206
      ],
      "errors": null
    },
    {
      "graph_file": "25r-25c-1000cap-const.txt",
      "num_vertices": 627,
      "num_edges": 1850,
      "max_flow": 25000,
      "num_successful_runs": 10,
      "num_failed_runs": 0,
      "statistics": {
        "min": 0.11245441692881286,
        "max": 0.19442870910279453,
        "mean": 0.14816923760809003,
        "median": 0.1424150625243783,
        "stddev": 0.023333116102962022
      },
      "all_times": [
        0.13618733314797282,
        0.1605738748330623,
        0.1602928750216961,
        0.1424752080347389,
        0.11245441692881286,
        0.1423549170140177,
        0.12724516703747213,
        0.1685294578783214,
        0.1371504170820117,
        0.19442870910279453
      ],
      "errors": null
    },
    {
      "graph_file": "35r-35c-1000cap-const.txt",
      "num_vertices": 1227,
      "num_edges": 3640,
      "max_flow": 35000,
      "num_successful_runs": 10,
      "num_failed_runs": 0,
      "statistics": {
        "min": 0.28228979208506644,
        "max": 0.4955959159415215,
        "mean": 0.3633703418308869,
        "median": 0.3539567500120029,
        "stddev": 0.06571104419978598
      },
      "all_times": [
        0.4041502089239657,
        0.4955959159415215,
        0.35048675001598895,
        0.29174266709014773,
        0.3335962500423193,
        0.42127108410932124,
        0.28228979208506644,
        0.3574267500080168,
        0.3881447499152273,
        0.308999250177294
      ],
      "errors": null
    },
    {
      "graph_file": "45r-45c-1000cap-const.txt",
      "num_vertices": 2027,
      "num_edges": 6030,
      "max_flow": 45000,
      "num_successful_runs": 10,
      "num_failed_runs": 0,
      "statistics": {
        "min": 0.5008090420160443,
        "max": 0.8681422078516334,
        "mean": 0.6825685000279919,
        "median": 0.6591533125611022,
        "stddev": 0.11817005483670089
      },
      "all_times": [
        0.7007800422143191,
        0.6639162499923259,
        0.8221964999102056,
        0.6543903751298785,
        0.8053410830907524,
        0.8681422078516334,
        0.5769235410261899,
        0.650462584104389,
        0.5008090420160443,
        0.5827233749441803
      ],
      "errors": null
    },
    {
      "graph_file": "55r-55c-1000cap-const.txt",
      "num_vertices": 3027,
      "num_edges": 9020,
      "max_flow": 55000,
      "num_successful_runs": 10,
      "num_failed_runs": 0,
      "statistics": {
        "min": 0.8759948331862688,
        "max": 1.6881183341611177,
        "mean": 1.1983332126168533,
        "median": 1.0708798749838024,
        "stddev": 0.289949172609803
      },
      "all_times": [
        1.5761949168518186,
        1.6881183341611177,
        1.535629166988656,
        0.9794802090618759,
        1.1756026670336723,
        0.988111832877621,
        1.0594375419896096,
        1.0823222079779953,
        1.022440416039899,
        0.8759948331862688
      ],
      "errors": null
    },
    {
      "graph_file": "65r-65c-1000cap-const.txt",
      "num_vertices": 4227,
      "num_edges": 12610,
      "max_flow": 65000,
      "num_successful_runs": 10,
      "num_failed_runs": 0,
      "statistics": {
        "min": 1.4838146669790149,
        "max": 3.2656771251931787,
        "mean": 1.9986966208321975,
        "median": 1.832519624964334,
        "stddev": 0.5407690051020485
      },
      "all_times": [
        3.2656771251931787,
        2.495821167016402,
        2.1253790410701185,
        2.0743780001066625,
        1.9018432919401675,
        1.5448612910695374,
        1.4838146669790149,
        1.7631959579885006,
        1.6808891668915749,
        1.6511065000668168
      ],
      "errors": null
    }
  ]
}