{
  "algorithm": "ford_fulkerson",
  "graph_type": "random",
  "results": [
    {
      "graph_file": "100v-30d-1min-1000max.txt",
      "num_vertices": 101,
      "num_edges": 2955,
      "max_flow": 12790,
      "num_successful_runs": 1,
      "num_failed_runs": 0,
      "statistics": {
        "min": 0.050758125027641654,
        "max": 0.050758125027641654,
        "mean": 0.050758125027641654,
        "median": 0.050758125027641654,
        "stddev": 0.0
      },
      "all_times": [
        0.050758125027641654
      ],
      "errors": null
    },
    {
      "graph_file": "200v-30d-1min-1000max.txt",
      "num_vertices": 201,
      "num_edges": 11938,
      "max_flow": 22658,
      "num_successful_runs": 1,
      "num_failed_runs": 0,
      "statistics": {
        "min": 0.06979379104450345,
        "max": 0.06979379104450345,
        "mean": 0.06979379104450345,
        "median": 0.06979379104450345,
        "stddev": 0.0
      },
      "all_times": [
        0.06979379104450345
      ],
      "errors": null
    }
  ]
}