{
  "algorithm": "ford_fulkerson",
  "graph_type": "random",
  "results": [
    {
      "graph_file": "100v-30d-1min-1000max.txt",
      "num_vertices": 101,
      "num_edges": 2955,
      "max_flow": 12790,
      "num_successful_runs": 2,
      "num_failed_runs": 0,
      "statistics": {
        "min": 0.055951999966055155,
        "max": 0.12748891697265208,
        "mean": 0.09172045846935362,
        "median": 0.09172045846935362,
        "stddev": 0.05058423912054394
      },
      "all_times": [
        0.12748891697265208,
        0.055951999966055155
      ],
      "errors": null
    },
    {
      "graph_file": "200v-30d-1min-1000max.txt",
      "num_vertices": 201,
      "num_edges": 11938,
      "max_flow": 22658,
      "num_successful_runs": 2,
      "num_failed_runs": 0,
      "statistics": {
        "min": 0.060627250000834465,
        "max": 0.14125262503512204,
        "mean": 0.10093993751797825,
        "median": 0.10093993751797825,
        "stddev": 0.057010749422453315
      },
      "all_times": [
        0.14125262503512204,
        0.060627250000834465
      ],
      "errors": null
    }
  ]
}