{
  "algorithm": "preflow_push",
  "graph_type": "mesh",
  "results": [
    {
      "graph_file": "100r-100c-1000cap-const.txt",
      "num_vertices": 10002,
      "num_edges": 29900,
      "max_flow": 100000,
      "num_successful_runs": 10,
      "num_failed_runs": 0,
      "statistics": {
        "min": 11.448207624955103,
        "max": 13.860548707889393,
        "mean": 12.697589195892215,
        "median": 12.760373646044172,
        "stddev": 0.816310400802302
      },
      "all_times": [
        12.757477625040337,
        12.291796042118222,
        11.448207624955103,
        13.790711042005569,
        12.763269667048007,
        13.38176287501119,
        11.830621999921277,
        12.843378457939252,
        12.008117916993797,
        13.860548707889393
      ],
      "errors": null
    },
    {
      "graph_file": "125r-125c-1000cap-const.txt",
      "num_vertices": 15627,
      "num_edges": 46750,
      "max_flow": 125000,
      "num_successful_runs": 10,
      "num_failed_runs": 0,
      "statistics": {
        "min": 25.05201195809059,
        "max": 30.446408124873415,
        "mean": 27.797864049999042,
        "median": 27.3011266249232,
        "stddev": 1.741648311892372
      },
      "all_times": [
        26.29607537505217,
        25.05201195809059,
        28.82293637515977,
        27.22344895801507,
        28.491227792110294,
        30.425922374939546,
        26.985274042002857,
        30.446408124873415,
        26.856531207915395,
        27.37880429183133
      ],
      "errors": null
    },
    {
      "graph_file": "150r-150c-1000cap-const.txt",
      "num_vertices": 22502,
      "num_edges": 67350,
      "max_flow": 150000,
      "num_successful_runs": 10,
      "num_failed_runs": 0,
      "statistics": {
        "min": 49.056371374987066,
        "max": 61.87044708291069,
        "mean": 55.55793589591049,
        "median": 56.072808146011084,
        "stddev": 3.497578346707777
      },
      "all_times": [
        49.056371374987066,
        55.879362375009805,
        61.87044708291069,
        57.528575541917235,
        57.56471008295193,
        55.10229879198596,
        51.97774237510748,
        56.917854083003476,
        56.266253917012364,
        53.41574333421886
      ],
      "errors": null
    },
    {
      "graph_file": "200r-200c-1000cap-const.txt",
      "num_vertices": 40002,
      "num_edges": 119800,
      "max_flow": 200000,
      "num_successful_runs": 10,
      "num_failed_runs": 0,
      "statistics": {
        "min": 117.3896989999339,
        "max": 159.375348249916,
        "mean": 135.62587149590254,
        "median": 129.27420452109072,
        "stddev": 15.393640690973431
      },
      "all_times": [
        152.9088318750728,
        159.375348249916,
        150.84099670802243,
        147.4095666669309,
        130.30060037504882,
        127.19573016697541,
        128.24780866713263,
        120.19503012485802,
        117.3896989999339,
        122.39510312513448
      ],
      "errors": null
    },
    {
      "graph_file": "20r-20c-1000cap-const.txt",
      "num_vertices": 402,
      "num_edges": 1180,
      "max_flow": 20000,
      "num_successful_runs": 10,
      "num_failed_runs": 0,
      "statistics": {
        "min": 0.07086095912382007,
        "max": 0.11156345880590379,
        "mean": 0.09560457514598966,
        "median": 0.09725814557168633,
        "stddev": 0.012334531165938528
      },
      "all_times": [
        0.08401854196563363,
        0.1042246671859175,
        0.1063655000180006,
        0.10061975009739399,
        0.10405008308589458,
        0.11156345880590379,
        0.07086095912382007,
        0.08700770908035338,
        0.09389654104597867,
        0.09343854105100036
      ],
      "errors": null
    },
    {
      "graph_file": "40r-40c-1000cap-const.txt",
      "num_vertices": 1602,
      "num_edges": 4760,
      "max_flow": 40000,
      "num_successful_runs": 10,
      "num_failed_runs": 0,
      "statistics": {
        "min": 0.3873495829757303,
        "max": 0.5944240000098944,
        "mean": 0.5000226540956646,
        "median": 0.515149874612689,
        "stddev": 0.06734347982220563
      },
      "all_times": [
        0.5270944160874933,
        0.4805477918125689,
        0.43748216703534126,
        0.4207542920485139,
        0.5032053331378847,
        0.5460697920061648,
        0.5665052079129964,
        0.5367939579300582,
        0.3873495829757303,
        0.5944240000098944
      ],
      "errors": null
    },
    {
      "graph_file": "60r-60c-1000cap-const.txt",
      "num_vertices": 3602,
      "num_edges": 10740,
      "max_flow": 60000,
      "num_successful_runs": 10,
      "num_failed_runs": 0,
      "statistics": {
        "min": 1.8100261671934277,
        "max": 2.5778290829621255,
        "mean": 2.1275824540061876,
        "median": 2.165869207936339,
        "stddev": 0.24622305446812087
      },
      "all_times": [
        2.127945290878415,
        2.5778290829621255,
        1.9110218328423798,
        1.8436106250155717,
        2.2745142499916255,
        2.294215208152309,
        2.2883609579876065,
        2.203793124994263,
        1.8100261671934277,
        1.9445080000441521
      ],
      "errors": null
    },
    {
      "graph_file": "80r-80c-1000cap-const.txt",
      "num_vertices": 6402,
      "num_edges": 19120,
      "max_flow": 80000,
      "num_successful_runs": 10,
      "num_failed_runs": 0,
      "statistics": {
        "min": 5.220777124864981,
        "max": 6.9193327920511365,
        "mean": 6.074894100101664,
        "median": 6.133391457959078,
        "stddev": 0.5784288996133194
      },
      "all_times": [
        6.232399040833116,
        5.526853375136852,
        6.034383875085041,
        5.658229709137231,
        6.353009874932468,
        6.657250999938697,
        6.9193327920511365,
        5.220777124864981,
        6.644197084009647,
        5.502507125027478
      ],
      "errors": null
    }
  ]
}