{
  "algorithm": "scaling_ford_fulkerson",
  "graph_type": "random",
  "results": [
    {
      "graph_file": "100v-60d-1min-1000max.txt",
      "num_vertices": 101,
      "num_edges": 5856,
      "max_flow": 25069,
      "num_successful_runs": 10,
      "num_failed_runs": 0,
      "statistics": {
        "min": 0.055383458035066724,
        "max": 0.10646112519316375,
        "mean": 0.0836009708000347,
        "median": 0.08371289598289877,
        "stddev": 0.013800663862228918
      },
      "all_times": [
        0.0831619999371469,
        0.09853087505325675,
        0.08933633286505938,
        0.08626137487590313,
        0.07538445899263024,
        0.07591720810160041,
        0.055383458035066724,
        0.08130908291786909,
        0.10646112519316375,
        0.08426379202865064
      ],
      "errors": null
    },
    {
      "graph_file": "150v-60d-1min-1000max.txt",
      "num_vertices": 151,
      "num_edges": 13404,
      "max_flow": 45629,
      "num_successful_runs": 10,
      "num_failed_runs": 0,
      "statistics": {
        "min": 0.08855862496420741,
        "max": 0.19511700002476573,
        "mean": 0.1336325207957998,
        "median": 0.12840175000019372,
        "stddev": 0.028912073141268105
      },
      "all_times": [
        0.130998499924317,
        0.12352695898152888,
        0.11554270889610052,
        0.12580500007607043,
        0.14513979107141495,
        0.15942549984902143,
        0.11380520812235773,
        0.13840591604821384,
        0.19511700002476573,
        0.08855862496420741
      ],
      "errors": null
    },
    {
      "graph_file": "200v-60d-1min-1000max.txt",
      "num_vertices": 201,
      "num_edges": 23608,
      "max_flow": 54830,
      "num_successful_runs": 10,
      "num_failed_runs": 0,
      "statistics": {
        "min": 0.09807595913298428,
        "max": 0.21259920787997544,
        "mean": 0.15154853332787752,
        "median": 0.14591816649772227,
        "stddev": 0.04382140832938429
      },
      "all_times": [
        0.1716309580951929,
        0.14821708295494318,
        0.21026404201984406,
        0.19186950009316206,
        0.14361925004050136,
        0.21259920787997544,
        0.13465141598135233,
        0.10390370804816484,
        0.10065420903265476,
        0.09807595913298428
      ],
      "errors": null
    },
    {
      "graph_file": "250v-60d-1min-1000max.txt",
      "num_vertices": 251,
      "num_edges": 37347,
      "max_flow": 60628,
      "num_successful_runs": 10,
      "num_failed_runs": 0,
      "statistics": {
        "min": 0.10480462503619492,
        "max": 0.2665860829874873,
        "mean": 0.150032116798684,
        "median": 0.12671477103140205,
        "stddev": 0.05516827055440756
      },
      "all_times": [
        0.18967720912769437,
        0.21124483295716345,
        0.1485844999551773,
        0.2665860829874873,
        0.13709487509913743,
        0.11633466696366668,
        0.1100333749782294,
        0.10875429189763963,
        0.1072067089844495,
        0.10480462503619492
      ],
      "errors": null
    },
    {
      "graph_file": "50v-60d-1min-1000max.txt",
      "num_vertices": 51,
      "num_edges": 1437,
      "max_flow": 12729,
      "num_successful_runs": 10,
      "num_failed_runs": 0,
      "statistics": {
        "min": 0.052253250032663345,
        "max": 0.13157370896078646,
        "mean": 0.07390923739876598,
        "median": 0.06964647897984833,
        "stddev": 0.022377891848468678
      },
      "all_times": [
        0.053499999921768904,
        0.06888370797969401,
        0.06553133297711611,
        0.07429129118099809,
        0.0851497498806566,
        0.052253250032663345,
        0.07084712502546608,
        0.07040924998000264,
        0.06665295804850757,
        0.13157370896078646
      ],
      "errors": null
    },
    {
      "graph_file": "75v-60d-1min-1000max.txt",
      "num_vertices": 76,
      "num_edges": 3251,
      "max_flow": 17155,
      "num_successful_runs": 10,
      "num_failed_runs": 0,
      "statistics": {
        "min": 0.05442416714504361,
        "max": 0.13531095813959837,
        "mean": 0.07473675832152367,
        "median": 0.06728768744505942,
        "stddev": 0.025116215598007533
      },
      "all_times": [
        0.06711729196831584,
        0.10188508313149214,
        0.06400124984793365,
        0.05442416714504361,
        0.05754970898851752,
        0.07398562505841255,
        0.067458082921803,
        0.13531095813959837,
        0.06792549998499453,
        0.05770991602912545
      ],
      "errors": null
    }
  ]
}