{
  "algorithm": "preflow_push",
  "graph_type": "mesh",
  "results": [
    {
      "graph_file": "20r-20c-1000cap-const.txt",
      "num_vertices": 402,
      "num_edges": 1180,
      "max_flow": 20000,
      "num_successful_runs": 1,
      "num_failed_runs": 0,
      "statistics": {
        "min": 0.0708478749729693,
        "max": 0.0708478749729693,
        "mean": 0.0708478749729693,
        "median": 0.0708478749729693,
        "stddev": 0.0
      },
      "all_times": [
        0.0708478749729693
      ],
      "errors": null
    },
    {
      "graph_file": "40r-40c-1000cap-const.txt",
      "num_vertices": 1602,
      "num_edges": 4760,
      "max_flow": 40000,
      "num_successful_runs": 1,
      "num_failed_runs": 0,
      "statistics": {
        "min": 0.2706773339305073,
        "max": 0.2706773339305073,
        "mean": 0.2706773339305073,
        "median": 0.2706773339305073,
        "stddev": 0.0
      },
      "all_times": [
        0.2706773339305073
      ],
      "errors": null
    }
  ]
}