{
  "algorithm": "scaling_ford_fulkerson",
  "graph_type": "fixeddegree",
  "results": [
    {
      "graph_file": "1000v-30out-1min-10max.txt",
      "num_vertices": 1002,
      "num_edges": 30060,
      "max_flow": 147,
      "num_successful_runs": 10,
      "num_failed_runs": 0,
      "statistics": {
        "min": 0.10301187518052757,
        "max": 0.20313529181294143,
        "mean": 0.14832221660763026,
        "median": 0.14227143756579608,
        "stddev": 0.02798111833822008
      },
      "all_times": [
        0.20313529181294143,
        0.14034683303907514,
        0.1338467081077397,
        0.14427312510088086,
        0.16184129193425179,
        0.10301187518052757,
        0.13263745792210102,
        0.14419604209251702,
        0.13780316594056785,
        0.18213037494570017
      ],
      "errors": null
    },
    {
      "graph_file": "100v-30out-1min-10max.txt",
      "num_vertices": 102,
      "num_edges": 3060,
      "max_flow": 170,
      "num_successful_runs": 10,
      "num_failed_runs": 0,
      "statistics": {
        "min": 0.06092558312229812,
        "max": 0.09458883316256106,
        "mean": 0.07427497913595289,
        "median": 0.07213527092244476,
        "stddev": 0.012499727829011952
      },
      "all_times": [
        0.08260887512005866,
        0.09458883316256106,
        0.06255837483331561,
        0.06791304191574454,
        0.07635749992914498,
        0.06092558312229812,
        0.06392120802775025,
        0.08387533319182694,
        0.08847950003109872,
        0.061521542025730014
      ],
      "errors": null
    },
    {
      "graph_file": "1500v-30out-1min-10max.txt",
      "num_vertices": 1502,
      "num_edges": 45060,
      "max_flow": 151,
      "num_successful_runs": 10,
      "num_failed_runs": 0,
      "statistics": {
        "min": 0.12459345790557563,
        "max": 0.2366889170370996,
        "mean": 0.1597051627235487,
        "median": 0.14271031296811998,
        "stddev": 0.041573085066133386
      },
      "all_times": [
        0.2366889170370996,
        0.1369742921087891,
        0.12459345790557563,
        0.15476733399555087,
        0.1446465840563178,
        0.13307512504979968,
        0.13380433316342533,
        0.15540120913647115,
        0.2363263329025358,
        0.14077404187992215
      ],
      "errors": null
    },
    {
      "graph_file": "2000v-30out-1min-10max.txt",
      "num_vertices": 2002,
      "num_edges": 60060,
      "max_flow": 169,
      "num_successful_runs": 10,
      "num_failed_runs": 0,
      "statistics": {
        "min": 0.1353263328783214,
        "max": 0.2198348338715732,
        "mean": 0.16362847527489066,
        "median": 0.15729837550316006,
        "stddev": 0.024632371059791873
      },
      "all_times": [
        0.14823087491095066,
        0.16182558401487768,
        0.17745950003154576,
        0.2198348338715732,
        0.1841646251268685,
        0.1618190419394523,
        0.14813383389264345,
        0.1353263328783214,
        0.14671241701580584,
        0.15277770906686783
      ],
      "errors": null
    },
    {
      "graph_file": "2500v-30out-1min-10max.txt",
      "num_vertices": 2502,
      "num_edges": 75060,
      "max_flow": 157,
      "num_successful_runs": 10,
      "num_failed_runs": 0,
      "statistics": {
        "min": 0.23955420800484717,
        "max": 0.33089899993501604,
        "mean": 0.2822698666714132,
        "median": 0.2799550829222426,
        "stddev": 0.028239587517324832
      },
      "all_times": [
        0.24396870890632272,
        0.33089899993501604,
        0.31985629186965525,
        0.23955420800484717,
        0.27881624992005527,
        0.27964612492360175,
        0.2783225839957595,
        0.2802640409208834,
        0.29050125018693507,
        0.28087020805105567
      ],
      "errors": null
    },
    {
      "graph_file": "250v-30out-1min-10max.txt",
      "num_vertices": 252,
      "num_edges": 7560,
      "max_flow": 146,
      "num_successful_runs": 10,
      "num_failed_runs": 0,
      "statistics": {
        "min": 0.05712924990803003,
        "max": 0.1512846250552684,
        "mean": 0.0814210791606456,
        "median": 0.07165089598856866,
        "stddev": 0.02707689950724327
      },
      "all_times": [
        0.06567066698335111,
        0.09433116600848734,
        0.08378533320501447,
        0.08670587511733174,
        0.1512846250552684,
        0.07409229199402034,
        0.06920949998311698,
        0.0653826252091676,
        0.05712924990803003,
        0.06661945814266801
      ],
      "errors": null
    },
    {
      "graph_file": "3000v-30out-1min-10max.txt",
      "num_vertices": 3002,
      "num_edges": 90060,
      "max_flow": 175,
      "num_successful_runs": 10,
      "num_failed_runs": 0,
      "statistics": {
        "min": 0.2462803339585662,
        "max": 0.3091797078959644,
        "mean": 0.26955008346121756,
        "median": 0.26855577097740024,
        "stddev": 0.017486096711024215
      },
      "all_times": [
        0.26975804194808006,
        0.2462803339585662,
        0.2687473751138896,
        0.2782476251013577,
        0.2671430839691311,
        0.2495224999729544,
        0.2779292908962816,
        0.2683641668409109,
        0.2603287089150399,
        0.3091797078959644
      ],
      "errors": null
    },
    {
      "graph_file": "500v-30out-1min-10max.txt",
      "num_vertices": 502,
      "num_edges": 15060,
      "max_flow": 196,
      "num_successful_runs": 10,
      "num_failed_runs": 0,
      "statistics": {
        "min": 0.07192045799456537,
        "max": 0.11022237478755414,
        "mean": 0.08806307057384402,
        "median": 0.08488177042454481,
        "stddev": 0.010562215565957428
      },
      "all_times": [
        0.11022237478755414,
        0.08334612497128546,
        0.08492758288048208,
        0.07192045799456537,
        0.09172108303755522,
        0.08261637506075203,
        0.08965958305634558,
        0.08483595796860754,
        0.08201516605913639,
        0.09936599992215633
      ],
      "errors": null
    }
  ]
}