{
  "algorithm": "preflow_push",
  "graph_type": "mesh",
  "results": [
    {
      "graph_file": "100r-100c-10cap-const.txt",
      "num_vertices": 10002,
      "num_edges": 29900,
      "max_flow": 1000,
      "num_successful_runs": 10,
      "num_failed_runs": 0,
      "statistics": {
        "min": 11.808790874900296,
        "max": 13.893890499835834,
        "mean": 13.096838449849747,
        "median": 13.312641603988595,
        "stddev": 0.6632428690531065
      },
      "all_times": [
        12.444819041993469,
        11.808790874900296,
        13.228335874853656,
        12.386805874994025,
        13.428790790960193,
        13.732740750070661,
        13.418927582912147,
        13.254992833128199,
        13.893890499835834,
        13.370290374848992
      ],
      "errors": null
    },
    {
      "graph_file": "125r-125c-10cap-const.txt",
      "num_vertices": 15627,
      "num_edges": 46750,
      "max_flow": 1250,
      "num_successful_runs": 10,
      "num_failed_runs": 0,
      "statistics": {
        "min": 23.392005125060678,
        "max": 32.297031041933224,
        "mean": 28.67929193759337,
        "median": 28.993863270967267,
        "stddev": 2.382145818510645
      },
      "all_times": [
        27.56323974998668,
        29.267388707958162,
        27.000240792054683,
        23.392005125060678,
        29.062837916892022,
        32.297031041933224,
        28.924888625042513,
        30.7270916251,
        29.777617709012702,
        28.780578082893044
      ],
      "errors": null
    },
    {
      "graph_file": "150r-150c-10cap-const.txt",
      "num_vertices": 22502,
      "num_edges": 67350,
      "max_flow": 1500,
      "num_successful_runs": 10,
      "num_failed_runs": 0,
      "statistics": {
        "min": 45.900467625120655,
        "max": 56.14098974992521,
        "mean": 51.281944208289495,
        "median": 51.52557124942541,
        "stddev": 3.645091332689061
      },
      "all_times": [
        55.136081707896665,
        53.66726154205389,
        56.14098974992521,
        51.39278141595423,
        54.794574707979336,
        49.15468266699463,
        51.65836108289659,
        48.05559691716917,
        45.900467625120655,
        46.918644666904584
      ],
      "errors": null
    },
    {
      "graph_file": "200r-200c-10cap-const.txt",
      "num_vertices": 40002,
      "num_edges": 119800,
      "max_flow": 2000,
      "num_successful_runs": 10,
      "num_failed_runs": 0,
      "statistics": {
        "min": 108.48421629099175,
        "max": 165.7261417498812,
        "mean": 129.68453898341394,
        "median": 126.82781493803486,
        "stddev": 18.85965847152394
      },
      "all_times": [
        165.7261417498812,
        148.57809087494388,
        144.93579562497325,
        129.9945296670776,
        134.20605662511662,
        123.66110020899214,
        117.90674416604452,
        114.76138720894232,
        108.48421629099175,
        108.59132741717622
      ],
      "errors": null
    },
    {
      "graph_file": "20r-20c-10cap-const.txt",
      "num_vertices": 402,
      "num_edges": 1180,
      "max_flow": 200,
      "num_successful_runs": 10,
      "num_failed_runs": 0,
      "statistics": {
        "min": 0.07484466605819762,
        "max": 0.13336575007997453,
        "mean": 0.09804317487869411,
        "median": 0.09783027099911124,
        "stddev": 0.01848788682877751
      },
      "all_times": [
        0.09803862497210503,
        0.10328220902010798,
        0.11366899986751378,
        0.07484466605819762,
        0.08544312510639429,
        0.1133549998048693,
        0.09762191702611744,
        0.0791410410311073,
        0.0816704158205539,
        0.13336575007997453
      ],
      "errors": null
    },
    {
      "graph_file": "40r-40c-10cap-const.txt",
      "num_vertices": 1602,
      "num_edges": 4760,
      "max_flow": 400,
      "num_successful_runs": 10,
      "num_failed_runs": 0,
      "statistics": {
        "min": 0.3976875839289278,
        "max": 0.8291383341420442,
        "mean": 0.533706787484698,
        "median": 0.5049319164827466,
        "stddev": 0.12136453627415023
      },
      "all_times": [
        0.4963660000357777,
        0.448716290993616,
        0.5247423329856247,
        0.5008719579782337,
        0.8291383341420442,
        0.5089918749872595,
        0.3976875839289278,
        0.6450360000599176,
        0.47475287481211126,
        0.5107646249234676
      ],
      "errors": null
    },
    {
      "graph_file": "60r-60c-10cap-const.txt",
      "num_vertices": 3602,
      "num_edges": 10740,
      "max_flow": 600,
      "num_successful_runs": 10,
      "num_failed_runs": 0,
      "statistics": {
        "min": 1.729519666172564,
        "max": 2.5158286669757217,
        "mean": 1.9752749416744337,
        "median": 1.897233312483877,
        "stddev": 0.2282348644979653
      },
      "all_times": [
        1.8412823339458555,
        1.8251381248701364,
        1.9127508748788387,
        1.8817157500889152,
        1.729519666172564,
        1.9719301669392735,
        2.5158286669757217,
        2.019773291889578,
        1.8606085409410298,
        2.1942020000424236
      ],
      "errors": null
    },
    {
      "graph_file": "80r-80c-10cap-const.txt",
      "num_vertices": 6402,
      "num_edges": 19120,
      "max_flow": 800,
      "num_successful_runs": 10,
      "num_failed_runs": 0,
      "statistics": {
        "min": 4.9136528328526765,
        "max": 6.418053542030975,
        "mean": 5.795240754215047,
        "median": 5.959817979019135,
        "stddev": 0.48542820189858854
      },
      "all_times": [
        5.873871041927487,
        6.2489939159713686,
        6.418053542030975,
        5.62163458392024,
        6.067693375051022,
        6.045764916110784,
        6.133518000133336,
        5.318291458999738,
        4.9136528328526765,
        5.310933875152841
      ],
      "errors": null
    }
  ]
}