{
  "algorithm": "scaling_ford_fulkerson",
  "graph_type": "fixeddegree",
  "results": [
    {
      "graph_file": "100v-30out-1min-1000max.txt",
      "num_vertices": 102,
      "num_edges": 3060,
      "max_flow": 11893,
      "num_successful_runs": 2,
      "num_failed_runs": 0,
      "statistics": {
        "min": 0.047429374884814024,
        "max": 0.06418549991212785,
        "mean": 0.05580743739847094,
        "median": 0.05580743739847094,
        "stddev": 0.011848369633223232
      },
      "all_times": [
        0.06418549991212785,
        0.047429374884814024
      ],
      "errors": null
    },
    {
      "graph_file": "250v-30out-1min-1000max.txt",
      "num_vertices": 252,
      "num_edges": 7560,
      "max_flow": 14738,
      "num_successful_runs": 2,
      "num_failed_runs": 0,
      "statistics": {
        "min": 0.05215966678224504,
        "max": 0.07105324999429286,
        "mean": 0.06160645838826895,
        "median": 0.06160645838826895,
        "stddev": 0.013359780810151323
      },
      "all_times": [
        0.07105324999429286,
        0.05215966678224504
      ],
      "errors": null
    }
  ]
}