{
  "algorithm": "scaling_ford_fulkerson",
  "graph_type": "bipartite",
  "results": [
    {
      "graph_file": "100s-100t-5p-1min-1000max.txt",
      "num_vertices": 202,
      "num_edges": 5199,
      "max_flow": 48044,
      "num_successful_runs": 2,
      "num_failed_runs": 0,
      "statistics": {
        "min": 0.06348787480965257,
        "max": 0.0780966249294579,
        "mean": 0.07079224986955523,
        "median": 0.07079224986955523,
        "stddev": 0.010329946274374141
      },
      "all_times": [
        0.0780966249294579,
        0.06348787480965257
      ],
      "errors": null
    },
    {
      "graph_file": "50s-50t-5p-1min-1000max.txt",
      "num_vertices": 102,
      "num_edges": 1312,
      "max_flow": 25204,
      "num_successful_runs": 2,
      "num_failed_runs": 0,
      "statistics": {
        "min": 0.05497491592541337,
        "max": 0.05648470879532397,
        "mean": 0.05572981236036867,
        "median": 0.05572981236036867,
        "stddev": 0.0010675847765008826
      },
      "all_times": [
        0.05648470879532397,
        0.05497491592541337
      ],
      "errors": null
    }
  ]
}