{
  "algorithm": "ford_fulkerson",
  "graph_type": "random",
  "results": [
    {
      "graph_file": "1000v-30d-1min-10max.txt",
      "num_vertices": 1001,
      "num_edges": 298909,
      "max_flow": 1649,
      "num_successful_runs": 10,
      "num_failed_runs": 0,
      "statistics": {
        "min": 1.8610468748956919,
        "max": 2.672118250047788,
        "mean": 2.230599325010553,
        "median": 2.2826614164514467,
        "stddev": 0.28623874765433566
      },
      "all_times": [
        2.2763905408792198,
        2.672118250047788,
        2.3759921670425683,
        2.5295137921348214,
        2.453808750025928,
        2.2889322920236737,
        1.9378281249664724,
        1.9187846251297742,
        1.9915778329595923,
        1.8610468748956919
      ],
      "errors": null
    },
    {
      "graph_file": "100v-30d-1min-10max.txt",
      "num_vertices": 101,
      "num_edges": 2895,
      "max_flow": 80,
      "num_successful_runs": 10,
      "num_failed_runs": 0,
      "statistics": {
        "min": 0.05249875015579164,
        "max": 0.09403391601517797,
        "mean": 0.06555022082757204,
        "median": 0.06454347912222147,
        "stddev": 0.011606788500917587
      },
      "all_times": [
        0.06738495896570385,
        0.06785683380439878,
        0.058800040977075696,
        0.06439637509174645,
        0.055626000044867396,
        0.07125520799309015,
        0.06469058315269649,
        0.05895954207517207,
        0.09403391601517797,
        0.05249875015579164
      ],
      "errors": null
    },
    {
      "graph_file": "1250v-30d-1min-10max.txt",
      "num_vertices": 1251,
      "num_edges": 467254,
      "max_flow": 1899,
      "num_successful_runs": 10,
      "num_failed_runs": 0,
      "statistics": {
        "min": 2.7275660841260105,
        "max": 4.570857125101611,
        "mean": 3.5054903708864003,
        "median": 3.3452651250408962,
        "stddev": 0.6699555934562853
      },
      "all_times": [
        4.570857125101611,
        4.549570291070268,
        4.065800125012174,
        3.4331133330706507,
        3.3505049999803305,
        2.9034793751779944,
        3.2493323751259595,
        3.340025250101462,
        2.864654750097543,
        2.7275660841260105
      ],
      "errors": null
    },
    {
      "graph_file": "1500v-30d-1min-10max.txt",
      "num_vertices": 1501,
      "num_edges": 675307,
      "max_flow": 2300,
      "num_successful_runs": 10,
      "num_failed_runs": 0,
      "statistics": {
        "min": 4.3762167079839855,
        "max": 8.504016709048301,
        "mean": 5.681279283529148,
        "median": 5.159951667068526,
        "stddev": 1.3277771692678508
      },
      "all_times": [
        8.504016709048301,
        7.361608667066321,
        5.9506726250983775,
        6.0198565418832,
        5.301830250071362,
        5.018073084065691,
        4.714914333075285,
        4.945548041956499,
        4.620055875042453,
        4.3762167079839855
      ],
      "errors": null
    },
    {
      "graph_file": "200v-30d-1min-10max.txt",
      "num_vertices": 201,
      "num_edges": 12014,
      "max_flow": 268,
      "num_successful_runs": 10,
      "num_failed_runs": 0,
      "statistics": {
        "min": 0.08007058291696012,
        "max": 0.1760686670895666,
        "mean": 0.11022640829905868,
        "median": 0.09749222896061838,
        "stddev": 0.03366165746883384
      },
      "all_times": [
        0.0952429159078747,
        0.1760686670895666,
        0.09437537495978177,
        0.1654823748394847,
        0.11789412493817508,
        0.09069270803593099,
        0.08236687513999641,
        0.08007058291696012,
        0.10032891714945436,
        0.09974154201336205
      ],
      "errors": null
    },
    {
      "graph_file": "400v-30d-1min-10max.txt",
      "num_vertices": 401,
      "num_edges": 47856,
      "max_flow": 615,
      "num_successful_runs": 10,
      "num_failed_runs": 0,
      "statistics": {
        "min": 0.18818812514655292,
        "max": 0.2728420828934759,
        "mean": 0.22505230829119682,
        "median": 0.22753314557485282,
        "stddev": 0.024932512307921685
      },
      "all_times": [
        0.23396354215219617,
        0.23204858391545713,
        0.22355770808644593,
        0.23150858306325972,
        0.18818812514655292,
        0.21539170783944428,
        0.20990374987013638,
        0.2728420828934759,
        0.2483210419304669,
        0.19479795801453292
      ],
      "errors": null
    },
    {
      "graph_file": "600v-30d-1min-10max.txt",
      "num_vertices": 601,
      "num_edges": 107878,
      "max_flow": 1023,
      "num_successful_runs": 10,
      "num_failed_runs": 0,
      "statistics": {
        "min": 0.5552759580314159,
        "max": 0.7580058749299496,
        "mean": 0.6296043750131503,
        "median": 0.619996145949699,
        "stddev": 0.05904700223162668
      },
      "all_times": [
        0.6185552920214832,
        0.6652037501335144,
        0.6419446249492466,
        0.7580058749299496,
        0.6214369998779148,
        0.5552759580314159,
        0.5952422919217497,
        0.5933172921650112,
        0.5726014161482453,
        0.6744602499529719
      ],
      "errors": null
    },
    {
      "graph_file": "800v-30d-1min-10max.txt",
      "num_vertices": 801,
      "num_edges": 191827,
      "max_flow": 1304,
      "num_successful_runs": 10,
      "num_failed_runs": 0,
      "statistics": {
        "min": 0.9519470841623843,
        "max": 1.2474235000554472,
        "mean": 1.0962213541613892,
        "median": 1.1041425209259614,
        "stddev": 0.11112803898869617
      },
      "all_times": [
        1.2474235000554472,
        1.2095828328747302,
        1.1779086668975651,
        1.1880484579596668,
        1.1244851248338819,
        1.083799917018041,
        1.059184833895415,
        0.9561003330163658,
        0.9519470841623843,
        0.9637327909003943
      ],
      "errors": null
    }
  ]
}