{
  "algorithm": "scaling_ford_fulkerson",
  "graph_type": "bipartite",
  "results": [
    {
      "graph_file": "100s-100t-5p-1min-10max.txt",
      "num_vertices": 202,
      "num_edges": 5198,
      "max_flow": 521,
      "num_successful_runs": 10,
      "num_failed_runs": 0,
      "statistics": {
        "min": 0.05988191696815193,
        "max": 0.15009045810438693,
        "mean": 0.0980117459082976,
        "median": 0.096809291979298,
        "stddev": 0.026287784358118932
      },
      "all_times": [
        0.12456616689451039,
        0.15009045810438693,
        0.10776320891454816,
        0.07942220801487565,
        0.08121737511828542,
        0.10828466597013175,
        0.09691249998286366,
        0.07527287513948977,
        0.05988191696815193,
        0.09670608397573233
      ],
      "errors": null
    },
    {
      "graph_file": "200s-200t-5p-1min-10max.txt",
      "num_vertices": 402,
      "num_edges": 20380,
      "max_flow": 1018,
      "num_successful_runs": 10,
      "num_failed_runs": 0,
      "statistics": {
        "min": 0.19663899997249246,
        "max": 0.33714391686953604,
        "mean": 0.2513494041981176,
        "median": 0.23893516708631068,
        "stddev": 0.04834185759558198
      },
      "all_times": [
        0.33714391686953604,
        0.2474505000282079,
        0.3282047091051936,
        0.23794666700996459,
        0.27793999994173646,
        0.23992366716265678,
        0.19663899997249246,
        0.21787754097022116,
        0.2164238749537617,
        0.21394416596740484
      ],
      "errors": null
    },
    {
      "graph_file": "300s-300t-5p-1min-10max.txt",
      "num_vertices": 602,
      "num_edges": 45481,
      "max_flow": 1647,
      "num_successful_runs": 10,
      "num_failed_runs": 0,
      "statistics": {
        "min": 0.512005457887426,
        "max": 0.8117296660784632,
        "mean": 0.5989262290298939,
        "median": 0.5480236664880067,
        "stddev": 0.11221469104360808
      },
      "all_times": [
        0.7491460421588272,
        0.7066257919650525,
        0.5502170829568058,
        0.5458302500192076,
        0.5188146252185106,
        0.5134046659804881,
        0.5584882081020623,
        0.5230004999320954,
        0.512005457887426,
        0.8117296660784632
      ],
      "errors": null
    },
    {
      "graph_file": "400s-400t-5p-1min-10max.txt",
      "num_vertices": 802,
      "num_edges": 80750,
      "max_flow": 2059,
      "num_successful_runs": 10,
      "num_failed_runs": 0,
      "statistics": {
        "min": 0.9382433330174536,
        "max": 1.563444749917835,
        "mean": 1.1080895875114947,
        "median": 1.0429182500811294,
        "stddev": 0.19304929874570106
      },
      "all_times": [
        1.328314125072211,
        1.1140952920541167,
        0.9382433330174536,
        1.0294795001391321,
        1.0563570000231266,
        1.563444749917835,
        1.0744323330000043,
        1.0064721670933068,
        0.97875937493518,
        0.9912979998625815
      ],
      "errors": null
    },
    {
      "graph_file": "500s-500t-5p-1min-10max.txt",
      "num_vertices": 1002,
      "num_edges": 126037,
      "max_flow": 2735,
      "num_successful_runs": 10,
      "num_failed_runs": 0,
      "statistics": {
        "min": 1.4309963330160826,
        "max": 2.381340292049572,
        "mean": 1.9386525584617629,
        "median": 1.9538328130729496,
        "stddev": 0.2657667407849986
      },
      "all_times": [
        2.381340292049572,
        1.882478625047952,
        2.222023874986917,
        2.0032593340147287,
        1.9044062921311706,
        2.0353535001631826,
        2.035339750116691,
        1.7478889171034098,
        1.7434386659879237,
        1.4309963330160826
      ],
      "errors": null
    },
    {
      "graph_file": "50s-50t-5p-1min-10max.txt",
      "num_vertices": 102,
      "num_edges": 1366,
      "max_flow": 211,
      "num_successful_runs": 10,
      "num_failed_runs": 0,
      "statistics": {
        "min": 0.04987500002607703,
        "max": 0.11887500016018748,
        "mean": 0.07426468764897436,
        "median": 0.07093514606822282,
        "stddev": 0.018782946897930135
      },
      "all_times": [
        0.07860333402641118,
        0.11887500016018748,
        0.06649187509901822,
        0.06368554104119539,
        0.0796999589074403,
        0.06301875016652048,
        0.06253904197365046,
        0.07537841703742743,
        0.08447995805181563,
        0.04987500002607703
      ],
      "errors": null
    },
    {
      "graph_file": "600s-600t-5p-1min-10max.txt",
      "num_vertices": 1202,
      "num_edges": 181588,
      "max_flow": 3225,
      "num_successful_runs": 10,
      "num_failed_runs": 0,
      "statistics": {
        "min": 1.956531582865864,
        "max": 3.7553679160773754,
        "mean": 2.7541750458534806,
        "median": 2.73627718759235,
        "stddev": 0.649612228225882
      },
      "all_times": [
        3.360027875052765,
        3.7553679160773754,
        3.056578000076115,
        3.4947283749934286,
        2.8244846670422703,
        2.6480697081424296,
        2.3019532090984285,
        2.0943453751970083,
        1.956531582865864,
        2.049663749989122
      ],
      "errors": null
    },
    {
      "graph_file": "800s-800t-5p-1min-10max.txt",
      "num_vertices": 1602,
      "num_edges": 321384,
      "max_flow": 4325,
      "num_successful_runs": 10,
      "num_failed_runs": 0,
      "statistics": {
        "min": 3.706332917092368,
        "max": 7.317618916044012,
        "mean": 4.723081833240576,
        "median": 3.9803373540053144,
        "stddev": 1.36831016014988
      },
      "all_times": [
        7.317618916044012,
        6.86302433302626,
        5.602570459013805,
        4.315641708206385,
        3.981077125063166,
        3.949261415982619,
        3.979597582947463,
        3.739179417025298,
        3.706332917092368,
        3.7765144580043852
      ],
      "errors": null
    }
  ]
}