{
  "algorithm": "ford_fulkerson",
  "graph_type": "fixeddegree",
  "results": [
    {
      "graph_file": "100v-50out-1min-1000max.txt",
      "num_vertices": 102,
      "num_edges": 5100,
      "max_flow": 22267,
      "num_successful_runs": 10,
      "num_failed_runs": 0,
      "statistics": {
        "min": 0.06797762494534254,
        "max": 0.1694789999164641,
        "mean": 0.09341168762184679,
        "median": 0.08128887508064508,
        "stddev": 0.03180001352237482
      },
      "all_times": [
        0.12343645794317126,
        0.1694789999164641,
        0.06797762494534254,
        0.07015258399769664,
        0.0712625419255346,
        0.10589712508954108,
        0.08260562503710389,
        0.08337329211644828,
        0.07997212512418628,
        0.07996050012297928
      ],
      "errors": null
    },
    {
      "graph_file": "150v-50out-1min-1000max.txt",
      "num_vertices": 152,
      "num_edges": 7600,
      "max_flow": 25464,
      "num_successful_runs": 10,
      "num_failed_runs": 0,
      "statistics": {
        "min": 0.08363775000907481,
        "max": 0.1907653750386089,
        "mean": 0.10880192082840949,
        "median": 0.09694383351597935,
        "stddev": 0.03254440291334767
      },
      "all_times": [
        0.12653258303180337,
        0.1907653750386089,
        0.09558900003321469,
        0.12518945802003145,
        0.1029135410208255,
        0.08812562515959144,
        0.08492533396929502,
        0.09204187500290573,
        0.09829866699874401,
        0.08363775000907481
      ],
      "errors": null
    },
    {
      "graph_file": "200v-50out-1min-1000max.txt",
      "num_vertices": 202,
      "num_edges": 10100,
      "max_flow": 25996,
      "num_successful_runs": 10,
      "num_failed_runs": 0,
      "statistics": {
        "min": 0.0765645420178771,
        "max": 0.16549249994568527,
        "mean": 0.10469844590406865,
        "median": 0.10093127156142145,
        "stddev": 0.023664556963646565
      },
      "all_times": [
        0.10804245807230473,
        0.16549249994568527,
        0.08550183288753033,
        0.09707337501458824,
        0.10469537507742643,
        0.10124608408659697,
        0.11039124988019466,
        0.10061645903624594,
        0.09736058302223682,
        0.0765645420178771
      ],
      "errors": null
    },
    {
      "graph_file": "250v-50out-1min-1000max.txt",
      "num_vertices": 252,
      "num_edges": 12600,
      "max_flow": 25578,
      "num_successful_runs": 10,
      "num_failed_runs": 0,
      "statistics": {
        "min": 0.08474324992857873,
        "max": 0.15942570799961686,
        "mean": 0.11174657086376101,
        "median": 0.10633954138029367,
        "stddev": 0.024141509868519567
      },
      "all_times": [
        0.14079741691239178,
        0.15942570799961686,
        0.09009441710077226,
        0.12926824996247888,
        0.09317312482744455,
        0.08474324992857873,
        0.09754337510094047,
        0.10370716685429215,
        0.10974108404479921,
        0.10897191590629518
      ],
      "errors": null
    },
    {
      "graph_file": "75v-50out-1min-1000max.txt",
      "num_vertices": 77,
      "num_edges": 3850,
      "max_flow": 23121,
      "num_successful_runs": 10,
      "num_failed_runs": 0,
      "statistics": {
        "min": 0.06998466700315475,
        "max": 0.14957112492993474,
        "mean": 0.08925952068530023,
        "median": 0.08199658303055912,
        "stddev": 0.023413505348359332
      },
      "all_times": [
        0.10085258283652365,
        0.14957112492993474,
        0.08113108295947313,
        0.07075037504546344,
        0.08794774999842048,
        0.0952547499909997,
        0.07916416600346565,
        0.08286208310164511,
        0.06998466700315475,
        0.07507662498392165
      ],
      "errors": null
    }
  ]
}