{
  "algorithm": "preflow_push",
  "graph_type": "bipartite",
  "results": [
    {
      "graph_file": "100s-100t-5p-1min-1000max.txt",
      "num_vertices": 202,
      "num_edges": 5199,
      "max_flow": 48044,
      "num_successful_runs": 1,
      "num_failed_runs": 0,
      "statistics": {
        "min": 0.7076568328775465,
        "max": 0.7076568328775465,
        "mean": 0.7076568328775465,
        "median": 0.7076568328775465,
        "stddev": 0.0
      },
      "all_times": [
        0.7076568328775465
      ],
      "errors": null
    },
    {
      "graph_file": "50s-50t-5p-1min-1000max.txt",
      "num_vertices": 102,
      "num_edges": 1312,
      "max_flow": 25204,
      "num_successful_runs": 1,
      "num_failed_runs": 0,
      "statistics": {
        "min": 0.052883500000461936,
        "max": 0.052883500000461936,
        "mean": 0.052883500000461936,
        "median": 0.052883500000461936,
        "stddev": 0.0
      },
      "all_times": [
        0.052883500000461936
      ],
      "errors": null
    }
  ]
}