{
  "algorithm": "ford_fulkerson",
  "graph_type": "bipartite",
  "results": [
    {
      "graph_file": "100s-100t-05p-1min-1000max.txt",
      "num_vertices": 202,
      "num_edges": 5212,
      "max_flow": 43384,
      "num_successful_runs": 10,
      "num_failed_runs": 0,
      "statistics": {
        "min": 0.09869320807047188,
        "max": 0.1469470418523997,
        "mean": 0.12134241238236428,
        "median": 0.11827627092134207,
        "stddev": 0.01755791922255189
      },
      "all_times": [
        0.1469470418523997,
        0.13916862499900162,
        0.09869320807047188,
        0.13893925002776086,
        0.13332541706040502,
        0.10759054101072252,
        0.10513016604818404,
        0.12723954184912145,
        0.1093129999935627,
        0.10707733291201293
      ],
      "errors": null
    },
    {
      "graph_file": "200s-200t-05p-1min-1000max.txt",
      "num_vertices": 402,
      "num_edges": 20509,
      "max_flow": 96982,
      "num_successful_runs": 10,
      "num_failed_runs": 0,
      "statistics": {
        "min": 0.4068325418047607,
        "max": 0.6729701249860227,
        "mean": 0.5202314207330346,
        "median": 0.5044667290057987,
        "stddev": 0.08672656933013749
      },
      "all_times": [
        0.5381827498786151,
        0.4331149999052286,
        0.4068325418047607,
        0.4773815420921892,
        0.5418699998408556,
        0.4851577910594642,
        0.470306082861498,
        0.6527227079495788,
        0.6729701249860227,
        0.5237756669521332
      ],
      "errors": null
    },
    {
      "graph_file": "300s-300t-05p-1min-1000max.txt",
      "num_vertices": 602,
      "num_edges": 45532,
      "max_flow": 145336,
      "num_successful_runs": 10,
      "num_failed_runs": 0,
      "statistics": {
        "min": 1.4229108330328017,
        "max": 2.085945083061233,
        "mean": 1.660083628911525,
        "median": 1.5886984579265118,
        "stddev": 0.23264857341015938
      },
      "all_times": [
        1.5714279999956489,
        1.6634027080144733,
        1.920274707954377,
        1.9042379590682685,
        2.085945083061233,
        1.5541130411438644,
        1.6059689158573747,
        1.4229108330328017,
        1.4354939998593181,
        1.4370610411278903
      ],
      "errors": null
    },
    {
      "graph_file": "400s-400t-05p-1min-1000max.txt",
      "num_vertices": 802,
      "num_edges": 80460,
      "max_flow": 194060,
      "num_successful_runs": 10,
      "num_failed_runs": 0,
      "statistics": {
        "min": 2.5440430419985205,
        "max": 3.30794258415699,
        "mean": 2.8845477876253427,
        "median": 2.8845487085636705,
        "stddev": 0.24866495059588012
      },
      "all_times": [
        2.9433251251466572,
        3.2123156250454485,
        3.30794258415699,
        2.825772291980684,
        2.681769625050947,
        2.9850919579621404,
        2.7040507500059903,
        2.9863700829446316,
        2.5440430419985205,
        2.6547967919614166
      ],
      "errors": null
    },
    {
      "graph_file": "500s-500t-05p-1min-1000max.txt",
      "num_vertices": 1002,
      "num_edges": 126084,
      "max_flow": 235464,
      "num_successful_runs": 10,
      "num_failed_runs": 0,
      "statistics": {
        "min": 3.683286791900173,
        "max": 6.799884332809597,
        "mean": 5.080228183162399,
        "median": 5.136179562425241,
        "stddev": 1.095052667288615
      },
      "all_times": [
        6.235496875131503,
        6.799884332809597,
        5.646473499946296,
        5.927461415994912,
        5.441427083918825,
        4.830932040931657,
        4.5306067920755595,
        3.9052784158848226,
        3.683286791900173,
        3.801434583030641
      ],
      "errors": null
    },
    {
      "graph_file": "50s-50t-05p-1min-1000max.txt",
      "num_vertices": 102,
      "num_edges": 1331,
      "max_flow": 23224,
      "num_successful_runs": 10,
      "num_failed_runs": 0,
      "statistics": {
        "min": 0.056478959042578936,
        "max": 0.0876792089547962,
        "mean": 0.0711294170236215,
        "median": 0.07352735451422632,
        "stddev": 0.011641775251777111
      },
      "all_times": [
        0.0876792089547962,
        0.08668225002475083,
        0.077652791980654,
        0.06317079206928611,
        0.056478959042578936,
        0.058630292071029544,
        0.07378245890140533,
        0.07648691697977483,
        0.0732722501270473,
        0.057458250084891915
      ],
      "errors": null
    },
    {
      "graph_file": "600s-600t-05p-1min-1000max.txt",
      "num_vertices": 1202,
      "num_edges": 181708,
      "max_flow": 288785,
      "num_successful_runs": 10,
      "num_failed_runs": 0,
      "statistics": {
        "min": 6.002669457811862,
        "max": 11.848232374992222,
        "mean": 7.985642933403142,
        "median": 7.306657395442016,
        "stddev": 2.121570037269057
      },
      "all_times": [
        11.848232374992222,
        10.543934541987255,
        10.028725082986057,
        8.282205500174314,
        7.548747207969427,
        7.064567582914606,
        6.202144959010184,
        6.067375417100266,
        6.267827209085226,
        6.002669457811862
      ],
      "errors": null
    },
    {
      "graph_file": "800s-800t-05p-1min-1000max.txt",
      "num_vertices": 1602,
      "num_edges": 321677,
      "max_flow": 390404,
      "num_successful_runs": 10,
      "num_failed_runs": 0,
      "statistics": {
        "min": 11.439900875091553,
        "max": 23.50526279117912,
        "mean": 13.996011566743254,
        "median": 12.09071960451547,
        "stddev": 4.0267159421090115
      },
      "all_times": [
        23.50526279117912,
        18.88205137499608,
        14.315866874996573,
        12.384587500011548,
        12.101157041965052,
        11.731816292041913,
        11.439900875091553,
        11.822217375040054,
        12.080282167065889,
        11.696973375044763
      ],
      "errors": null
    }
  ]
}