{
  "algorithm": "preflow_push",
  "graph_type": "random",
  "results": [
    {
      "graph_file": "100v-30d-1min-1000max.txt",
      "num_vertices": 101,
      "num_edges": 2955,
      "max_flow": 12790,
      "num_successful_runs": 2,
      "num_failed_runs": 0,
      "statistics": {
        "min": 0.15551325003616512,
        "max": 0.18614450003951788,
        "mean": 0.1708288750378415,
        "median": 0.1708288750378415,
        "stddev": 0.021659564593591193
      },
      "all_times": [
        0.18614450003951788,
        0.15551325003616512
      ],
      "errors": null
    },
    {
      "graph_file": "200v-30d-1min-1000max.txt",
      "num_vertices": 201,
      "num_edges": 11938,
      "max_flow": 22658,
      "num_successful_runs": 2,
      "num_failed_runs": 0,
      "statistics": {
        "min": 0.05916462489403784,
        "max": 0.06445633387193084,
        "mean": 0.06181047938298434,
        "median": 0.06181047938298434,
        "stddev": 0.003741803302333871
      },
      "all_times": [
        0.06445633387193084,
        0.05916462489403784
      ],
      "errors": null
    }
  ]
}