{
  "algorithm": "preflow_push",
  "graph_type": "random",
  "results": [
    {
      "graph_file": "1000v-30d-1min-10max.txt",
      "num_vertices": 1001,
      "num_edges": 298909,
      "max_flow": 1649,
      "num_successful_runs": 10,
      "num_failed_runs": 0,
      "statistics": {
        "min": 0.6248371668625623,
        "max": 0.9565382921136916,
        "mean": 0.7206189834978431,
        "median": 0.7078629586612806,
        "stddev": 0.09687774759551464
      },
      "all_times": [
        0.7570328749716282,
        0.7715049579273909,
        0.6603780419100076,
        0.9565382921136916,
        0.7205151251982898,
        0.7291197918821126,
        0.6952107921242714,
        0.6524414590094239,
        0.6386113329790533,
        0.6248371668625623
      ],
      "errors": null
    },
    {
      "graph_file": "100v-30d-1min-10max.txt",
      "num_vertices": 101,
      "num_edges": 2895,
      "max_flow": 80,
      "num_successful_runs": 10,
      "num_failed_runs": 0,
      "statistics": {
        "min": 0.041339082876220345,
        "max": 0.08336908300407231,
        "mean": 0.06375531647354364,
        "median": 0.06543214595876634,
        "stddev": 0.011827163254407124
      },
      "all_times": [
        0.05908133299089968,
        0.08336908300407231,
        0.06562070804648101,
        0.04924395796842873,
        0.06524358387105167,
        0.0640442909207195,
        0.06871904199942946,
        0.06733358302153647,
        0.07355850003659725,
        0.041339082876220345
      ],
      "errors": null
    },
    {
      "graph_file": "1250v-30d-1min-10max.txt",
      "num_vertices": 1251,
      "num_edges": 467254,
      "max_flow": 1899,
      "num_successful_runs": 10,
      "num_failed_runs": 0,
      "statistics": {
        "min": 1.0272332499735057,
        "max": 1.3314340841025114,
        "mean": 1.1716721083968877,
        "median": 1.1432968960143626,
        "stddev": 0.11268380002504053
      },
      "all_times": [
        1.0272332499735057,
        1.1109878339339048,
        1.0767121671233326,
        1.0788838330190629,
        1.0843925829976797,
        1.3277139170095325,
        1.3314340841025114,
        1.2813252909108996,
        1.1756059580948204,
        1.2224321668036282
      ],
      "errors": null
    },
    {
      "graph_file": "1500v-30d-1min-10max.txt",
      "num_vertices": 1501,
      "num_edges": 675307,
      "max_flow": 2300,
      "num_successful_runs": 10,
      "num_failed_runs": 0,
      "statistics": {
        "min": 459.6795779999811,
        "max": 642.121751624858,
        "mean": 491.5090365832904,
        "median": 463.7697892501019,
        "stddev": 58.40770985281203
      },
      "all_times": [
        642.121751624858,
        541.1541451658122,
        480.557017166866,
        480.45752649987116,
        460.87840112508275,
        459.6795779999811,
        462.53339108405635,
        463.48129812511615,
        464.05828037508763,
        460.16897666617297
      ],
      "errors": null
    },
    {
      "graph_file": "200v-30d-1min-10max.txt",
      "num_vertices": 201,
      "num_edges": 12014,
      "max_flow": 268,
      "num_successful_runs": 10,
      "num_failed_runs": 0,
      "statistics": {
        "min": 1.5493732918985188,
        "max": 2.0170689579099417,
        "mean": 1.65478798316326,
        "median": 1.6279230829095468,
        "stddev": 0.13413833497728214
      },
      "all_times": [
        1.6267187078483403,
        1.6544698749203235,
        1.601254791021347,
        1.6439175840932876,
        1.6291274579707533,
        1.564482333138585,
        2.0170689579099417,
        1.576718125026673,
        1.6847487078048289,
        1.5493732918985188
      ],
      "errors": null
    },
    {
      "graph_file": "400v-30d-1min-10max.txt",
      "num_vertices": 401,
      "num_edges": 47856,
      "max_flow": 615,
      "num_successful_runs": 10,
      "num_failed_runs": 0,
      "statistics": {
        "min": 0.1441410828847438,
        "max": 0.2603025829885155,
        "mean": 0.19068659972399474,
        "median": 0.1664858750300482,
        "stddev": 0.045537628108310725
      },
      "all_times": [
        0.1548639158718288,
        0.15419283299706876,
        0.17620712495408952,
        0.15676462510600686,
        0.15570416604168713,
        0.1441410828847438,
        0.23070133314467967,
        0.2603025829885155,
        0.25374325015582144,
        0.22024508309550583
      ],
      "errors": null
    },
    {
      "graph_file": "600v-30d-1min-10max.txt",
      "num_vertices": 601,
      "num_edges": 107878,
      "max_flow": 1023,
      "num_successful_runs": 10,
      "num_failed_runs": 0,
      "statistics": {
        "min": 0.2506987501401454,
        "max": 0.44052083301357925,
        "mean": 0.3138888331130147,
        "median": 0.2848291249247268,
        "stddev": 0.06723525644259887
      },
      "all_times": [
        0.41974404104985297,
        0.3392826251219958,
        0.44052083301357925,
        0.3195164578501135,
        0.2706667080055922,
        0.2579753331374377,
        0.2739466249477118,
        0.2506987501401454,
        0.29571162490174174,
        0.27082533296197653
      ],
      "errors": null
    },
    {
      "graph_file": "800v-30d-1min-10max.txt",
      "num_vertices": 801,
      "num_edges": 191827,
      "max_flow": 1304,
      "num_successful_runs": 10,
      "num_failed_runs": 0,
      "statistics": {
        "min": 0.3880745000205934,
        "max": 0.5205878750421107,
        "mean": 0.45895704582799224,
        "median": 0.45894402102567255,
        "stddev": 0.04086554825606157
      },
      "all_times": [
        0.5205878750421107,
        0.45376562513411045,
        0.5023898330982774,
        0.3880745000205934,
        0.4763568330090493,
        0.44677037512883544,
        0.40245895786210895,
        0.46412241691723466,
        0.45207558292895555,
        0.4829684591386467
      ],
      "errors": null
    }
  ]
}