graph_file,num_vertices,num_edges,max_flow,successful_runs,failed_runs,min_time,max_time,mean_time,median_time,stddev_time
1000v-30d-1min-10max.txt,1001,298909,1649,10,0,0.6248371668625623,0.9565382921136916,0.7206189834978431,0.7078629586612806,0.09687774759551464
100v-30d-1min-10max.txt,101,2895,80,10,0,0.041339082876220345,0.08336908300407231,0.06375531647354364,0.06543214595876634,0.011827163254407124
1250v-30d-1min-10max.txt,1251,467254,1899,10,0,1.0272332499735057,1.3314340841025114,1.1716721083968877,1.1432968960143626,0.11268380002504053
1500v-30d-1min-10max.txt,1501,675307,2300,10,0,459.6795779999811,642.121751624858,491.5090365832904,463.7697892501019,58.40770985281203
200v-30d-1min-10max.txt,201,12014,268,10,0,1.5493732918985188,2.0170689579099417,1.65478798316326,1.6279230829095468,0.13413833497728214
400v-30d-1min-10max.txt,401,47856,615,10,0,0.1441410828847438,0.2603025829885155,0.19068659972399474,0.1664858750300482,0.045537628108310725
600v-30d-1min-10max.txt,601,107878,1023,10,0,0.2506987501401454,0.44052083301357925,0.3138888331130147,0.2848291249247268,0.06723525644259887
800v-30d-1min-10max.txt,801,191827,1304,10,0,0.3880745000205934,0.5205878750421107,0.45895704582799224,0.45894402102567255,0.04086554825606157
