{
  "algorithm": "ford_fulkerson",
  "graph_type": "bipartite",
  "results": [
    {
      "graph_file": "100s-100t-5p-1min-10max.txt",
      "num_vertices": 202,
      "num_edges": 5198,
      "max_flow": 521,
      "num_successful_runs": 10,
      "num_failed_runs": 0,
      "statistics": {
        "min": 0.07118816603906453,
        "max": 0.22574399993754923,
        "mean": 0.11742210411466658,
        "median": 0.10711716650985181,
        "stddev": 0.04334773932151695
      },
      "all_times": [
        0.22574399993754923,
        0.1365231249947101,
        0.1379696661606431,
        0.07118816603906453,
        0.09567195898853242,
        0.11371387494727969,
        0.10764062497764826,
        0.09095662506297231,
        0.08821929199621081,
        0.10659370804205537
      ],
      "errors": null
    },
    {
      "graph_file": "200s-200t-5p-1min-10max.txt",
      "num_vertices": 402,
      "num_edges": 20380,
      "max_flow": 1018,
      "num_successful_runs": 10,
      "num_failed_runs": 0,
      "statistics": {
        "min": 0.31342775002121925,
        "max": 0.4417430830653757,
        "mean": 0.35772688302677125,
        "median": 0.3521494580199942,
        "stddev": 0.034819687868111945
      },
      "all_times": [
        0.4417430830653757,
        0.3371320830192417,
        0.3444641660898924,
        0.3734570830129087,
        0.3558592910412699,
        0.3299269999843091,
        0.362553833052516,
        0.31342775002121925,
        0.3702649159822613,
        0.3484396249987185
      ],
      "errors": null
    },
    {
      "graph_file": "300s-300t-5p-1min-10max.txt",
      "num_vertices": 602,
      "num_edges": 45481,
      "max_flow": 1647,
      "num_successful_runs": 10,
      "num_failed_runs": 0,
      "statistics": {
        "min": 0.9857660001143813,
        "max": 1.3195195000153035,
        "mean": 1.1228709708433597,
        "median": 1.1132424375973642,
        "stddev": 0.10645786191330348
      },
      "all_times": [
        1.182348957983777,
        0.9857660001143813,
        1.01207804097794,
        1.0933433750178665,
        1.122230000095442,
        1.1042548750992864,
        1.2126107921358198,
        1.0027888750191778,
        1.3195195000153035,
        1.1937692919746041
      ],
      "errors": null
    },
    {
      "graph_file": "400s-400t-5p-1min-10max.txt",
      "num_vertices": 802,
      "num_edges": 80750,
      "max_flow": 2059,
      "num_successful_runs": 10,
      "num_failed_runs": 0,
      "statistics": {
        "min": 1.9072259170934558,
        "max": 2.572744332952425,
        "mean": 2.15170820413623,
        "median": 2.107609667000361,
        "stddev": 0.20217461067001372
      },
      "all_times": [
        2.109744041925296,
        2.0203115411568433,
        1.9258852920029312,
        2.3066013751085848,
        2.1054752920754254,
        2.572744332952425,
        2.250705457990989,
        2.270469208015129,
        2.047919583041221,
        1.9072259170934558
      ],
      "errors": null
    },
    {
      "graph_file": "500s-500t-5p-1min-10max.txt",
      "num_vertices": 1002,
      "num_edges": 126037,
      "max_flow": 2735,
      "num_successful_runs": 10,
      "num_failed_runs": 0,
      "statistics": {
        "min": 3.2530544998589903,
        "max": 4.771085083950311,
        "mean": 3.9864143835147843,
        "median": 4.014291500090621,
        "stddev": 0.5801721086586018
      },
      "all_times": [
        4.3384522090200335,
        4.581044832943007,
        4.607754457974806,
        4.771085083950311,
        4.161637250101194,
        3.866945750080049,
        3.2530544998589903,
        3.3700609169900417,
        3.5732039171271026,
        3.340904917102307
      ],
      "errors": null
    },
    {
      "graph_file": "50s-50t-5p-1min-10max.txt",
      "num_vertices": 102,
      "num_edges": 1366,
      "max_flow": 211,
      "num_successful_runs": 10,
      "num_failed_runs": 0,
      "statistics": {
        "min": 0.05311825009994209,
        "max": 0.1656895000487566,
        "mean": 0.07869808739051223,
        "median": 0.07077247893903404,
        "stddev": 0.03344124822438723
      },
      "all_times": [
        0.1656895000487566,
        0.07939237495884299,
        0.09969933307729661,
        0.07183999987319112,
        0.05926979100331664,
        0.058681000024080276,
        0.057419874938204885,
        0.05311825009994209,
        0.0721657918766141,
        0.06970495800487697
      ],
      "errors": null
    },
    {
      "graph_file": "600s-600t-5p-1min-10max.txt",
      "num_vertices": 1202,
      "num_edges": 181588,
      "max_flow": 3225,
      "num_successful_runs": 10,
      "num_failed_runs": 0,
      "statistics": {
        "min": 4.629793334053829,
        "max": 8.406276166904718,
        "mean": 6.066861554072238,
        "median": 5.64668993698433,
        "stddev": 1.3210832067266391
      },
      "all_times": [
        7.809991582995281,
        8.406276166904718,
        7.199500000104308,
        6.248199290828779,
        5.815691957948729,
        5.477687916019931,
        5.100403500022367,
        4.713173791998997,
        5.267897999845445,
        4.629793334053829
      ],
      "errors": null
    },
    {
      "graph_file": "800s-800t-5p-1min-10max.txt",
      "num_vertices": 1602,
      "num_edges": 321384,
      "max_flow": 4325,
      "num_successful_runs": 10,
      "num_failed_runs": 0,
      "statistics": {
        "min": 8.789228583220392,
        "max": 16.57679304201156,
        "mean": 10.724368124990724,
        "median": 9.544300979585387,
        "stddev": 2.6071965483453083
      },
      "all_times": [
        16.57679304201156,
        13.978949040872976,
        11.718115500174463,
        9.627020958112553,
        9.477744584204629,
        9.610857374966145,
        8.809819625224918,
        8.789228583220392,
        9.461913833161816,
        9.19323870795779
      ],
      "errors": null
    }
  ]
}