{
  "algorithm": "scaling_ford_fulkerson",
  "graph_type": "bipartite",
  "results": [
    {
      "graph_file": "100s-100t-8p-1min-1000max.txt",
      "num_vertices": 202,
      "num_edges": 8201,
      "max_flow": 48688,
      "num_successful_runs": 10,
      "num_failed_runs": 0,
      "statistics": {
        "min": 0.08616383303888142,
        "max": 0.16213070903904736,
        "mean": 0.11491556265391409,
        "median": 0.11092220852151513,
        "stddev": 0.027263970281044998
      },
      "all_times": [
        0.16213070903904736,
        0.1202104170806706,
        0.15970029099844396,
        0.11817387514747679,
        0.08616383303888142,
        0.09094945807009935,
        0.10227979207411408,
        0.08770283404737711,
        0.1173719170037657,
        0.10447250003926456
      ],
      "errors": null
    },
    {
      "graph_file": "125s-125t-8p-1min-1000max.txt",
      "num_vertices": 252,
      "num_edges": 12744,
      "max_flow": 62788,
      "num_successful_runs": 10,
      "num_failed_runs": 0,
      "statistics": {
        "min": 0.11160595808178186,
        "max": 0.22283720807172358,
        "mean": 0.14175102072767914,
        "median": 0.13619102037046105,
        "stddev": 0.032201746864153884
      },
      "all_times": [
        0.14093025005422533,
        0.13930333289317787,
        0.22283720807172358,
        0.15634737513028085,
        0.11711345799267292,
        0.12853100011125207,
        0.1518857921473682,
        0.13307870784774423,
        0.11160595808178186,
        0.11587712494656444
      ],
      "errors": null
    },
    {
      "graph_file": "150s-150t-8p-1min-1000max.txt",
      "num_vertices": 302,
      "num_edges": 18357,
      "max_flow": 72970,
      "num_successful_runs": 10,
      "num_failed_runs": 0,
      "statistics": {
        "min": 0.13854058412835002,
        "max": 0.2471652498934418,
        "mean": 0.17607759162783623,
        "median": 0.15689258300699294,
        "stddev": 0.03733721098332259
      },
      "all_times": [
        0.21171450009569526,
        0.22184170805849135,
        0.2471652498934418,
        0.13854058412835002,
        0.14297133311629295,
        0.17466479097492993,
        0.1550582500640303,
        0.1575994580052793,
        0.1550343339331448,
        0.15618570800870657
      ],
      "errors": null
    },
    {
      "graph_file": "30s-30t-8p-1min-1000max.txt",
      "num_vertices": 62,
      "num_edges": 762,
      "max_flow": 14585,
      "num_successful_runs": 10,
      "num_failed_runs": 0,
      "statistics": {
        "min": 0.049567417008802295,
        "max": 0.1134513330180198,
        "mean": 0.07776825004257262,
        "median": 0.07137212506495416,
        "stddev": 0.021284183033806397
      },
      "all_times": [
        0.1134513330180198,
        0.11096645798534155,
        0.09173141606152058,
        0.06471337517723441,
        0.06914166617207229,
        0.05997950001619756,
        0.06625345884822309,
        0.049567417008802295,
        0.07360258395783603,
        0.07827529218047857
      ],
      "errors": null
    },
    {
      "graph_file": "50s-50t-8p-1min-1000max.txt",
      "num_vertices": 102,
      "num_edges": 2116,
      "max_flow": 24113,
      "num_successful_runs": 10,
      "num_failed_runs": 0,
      "statistics": {
        "min": 0.05875670816749334,
        "max": 0.13010974996723235,
        "mean": 0.07998499171808363,
        "median": 0.06863872963003814,
        "stddev": 0.022616562748525203
      },
      "all_times": [
        0.13010974996723235,
        0.10221933294087648,
        0.09257045900449157,
        0.05999029194936156,
        0.05875670816749334,
        0.08399095782078803,
        0.06813312508165836,
        0.06887887511402369,
        0.0683985841460526,
        0.06680183298885822
      ],
      "errors": null
    },
    {
      "graph_file": "75s-75t-8p-1min-1000max.txt",
      "num_vertices": 152,
      "num_edges": 4694,
      "max_flow": 35323,
      "num_successful_runs": 10,
      "num_failed_runs": 0,
      "statistics": {
        "min": 0.08401191607117653,
        "max": 0.14021424995735288,
        "mean": 0.09997060410678386,
        "median": 0.09644377103541046,
        "stddev": 0.016247481028472708
      },
      "all_times": [
        0.14021424995735288,
        0.09990100003778934,
        0.10402345890179276,
        0.09298654203303158,
        0.10958395805209875,
        0.08401191607117653,
        0.08752612490206957,
        0.09140116604976356,
        0.08924833289347589,
        0.1008092921692878
      ],
      "errors": null
    }
  ]
}