{
  "algorithm": "scaling_ford_fulkerson",
  "graph_type": "random",
  "results": [
    {
      "graph_file": "1000v-30d-1min-10max.txt",
      "num_vertices": 1001,
      "num_edges": 298909,
      "max_flow": 1649,
      "num_successful_runs": 10,
      "num_failed_runs": 0,
      "statistics": {
        "min": 1.018247792031616,
        "max": 1.3243098750244826,
        "mean": 1.1265564958564938,
        "median": 1.1117374375462532,
        "stddev": 0.09058624734593247
      },
      "all_times": [
        1.3243098750244826,
        1.1347570000216365,
        1.163280582986772,
        1.1424975839909166,
        1.0796061661094427,
        1.2018989161588252,
        1.0886186670977622,
        1.018247792031616,
        1.0236305000726134,
        1.08871787507087
      ],
      "errors": null
    },
    {
      "graph_file": "100v-30d-1min-10max.txt",
      "num_vertices": 101,
      "num_edges": 2895,
      "max_flow": 80,
      "num_successful_runs": 10,
      "num_failed_runs": 0,
      "statistics": {
        "min": 0.04800620791502297,
        "max": 0.08416329207830131,
        "mean": 0.06613596661482006,
        "median": 0.062213479075580835,
        "stddev": 0.01385803091298642
      },
      "all_times": [
        0.05097395810298622,
        0.059253416024148464,
        0.06438200012780726,
        0.06004495802335441,
        0.07919979095458984,
        0.0794720419216901,
        0.04800620791502297,
        0.05374866700731218,
        0.08211533399298787,
        0.08416329207830131
      ],
      "errors": null
    },
    {
      "graph_file": "1250v-30d-1min-10max.txt",
      "num_vertices": 1251,
      "num_edges": 467254,
      "max_flow": 1899,
      "num_successful_runs": 10,
      "num_failed_runs": 0,
      "statistics": {
        "min": 1.3224669999908656,
        "max": 2.245920166838914,
        "mean": 1.7046073918696494,
        "median": 1.6988215419696644,
        "stddev": 0.31408902960265594
      },
      "all_times": [
        2.0016594170592725,
        1.9670838750898838,
        2.245920166838914,
        1.8079107920639217,
        1.838467874797061,
        1.589732291875407,
        1.5163342920131981,
        1.4049878749065101,
        1.3224669999908656,
        1.3515103340614587
      ],
      "errors": null
    },
    {
      "graph_file": "1500v-30d-1min-10max.txt",
      "num_vertices": 1501,
      "num_edges": 675307,
      "max_flow": 2300,
      "num_successful_runs": 10,
      "num_failed_runs": 0,
      "statistics": {
        "min": 2.354410042054951,
        "max": 4.092869583982974,
        "mean": 2.8325152084231378,
        "median": 2.497621916467324,
        "stddev": 0.6285693563245819
      },
      "all_times": [
        4.092869583982974,
        3.706421707989648,
        3.2312406671699136,
        2.767457500100136,
        2.5510118750389665,
        2.4090193749871105,
        2.4442319578956813,
        2.354410042054951,
        2.3663491250481457,
        2.40214024996385
      ],
      "errors": null
    },
    {
      "graph_file": "200v-30d-1min-10max.txt",
      "num_vertices": 201,
      "num_edges": 12014,
      "max_flow": 268,
      "num_successful_runs": 10,
      "num_failed_runs": 0,
      "statistics": {
        "min": 0.07717033405788243,
        "max": 0.1441596660297364,
        "mean": 0.0989451250527054,
        "median": 0.09720670850947499,
        "stddev": 0.020860028214430972
      },
      "all_times": [
        0.081193792168051,
        0.07992483302950859,
        0.1441596660297364,
        0.11315841693431139,
        0.1058683330193162,
        0.11055295821279287,
        0.10337966703809798,
        0.07717033405788243,
        0.09103374998085201,
        0.0830095000565052
      ],
      "errors": null
    },
    {
      "graph_file": "400v-30d-1min-10max.txt",
      "num_vertices": 401,
      "num_edges": 47856,
      "max_flow": 615,
      "num_successful_runs": 10,
      "num_failed_runs": 0,
      "statistics": {
        "min": 0.14435791713185608,
        "max": 0.17778374999761581,
        "mean": 0.162257904256694,
        "median": 0.16155497962608933,
        "stddev": 0.011435911938507948
      },
      "all_times": [
        0.17645766702480614,
        0.16127770906314254,
        0.15824262495152652,
        0.14435791713185608,
        0.16430708300322294,
        0.15176008315756917,
        0.17778374999761581,
        0.1514442500192672,
        0.16183225018903613,
        0.17511570802889764
      ],
      "errors": null
    },
    {
      "graph_file": "600v-30d-1min-10max.txt",
      "num_vertices": 601,
      "num_edges": 107878,
      "max_flow": 1023,
      "num_successful_runs": 10,
      "num_failed_runs": 0,
      "statistics": {
        "min": 0.2721006250940263,
        "max": 0.36678066686727107,
        "mean": 0.3229130543069914,
        "median": 0.3239931664429605,
        "stddev": 0.02922049699179451
      },
      "all_times": [
        0.36678066686727107,
        0.29652458406053483,
        0.33962695905938745,
        0.3316127499565482,
        0.3305630828253925,
        0.36071004206314683,
        0.2721006250940263,
        0.2999516250565648,
        0.31383695802651346,
        0.3174232500605285
      ],
      "errors": null
    },
    {
      "graph_file": "800v-30d-1min-10max.txt",
      "num_vertices": 801,
      "num_edges": 191827,
      "max_flow": 1304,
      "num_successful_runs": 10,
      "num_failed_runs": 0,
      "statistics": {
        "min": 0.5083670001477003,
        "max": 0.7504717500414699,
        "mean": 0.6341069000307471,
        "median": 0.6167766664875671,
        "stddev": 0.07157166220835619
      },
      "all_times": [
        0.63621766702272,
        0.7375097500625998,
        0.7504717500414699,
        0.5083670001477003,
        0.6191931669600308,
        0.5898551668506116,
        0.5988440420478582,
        0.6143601660151035,
        0.6753580830991268,
        0.6108922080602497
      ],
      "errors": null
    }
  ]
}